TC_Event_No,Total_Economic_Impact_USD
1980076N06148,0.32032620635783216
1980126N08150,1.8253373408366929
1980137N04158,0.07933550665512346
1980171N06142,0.0
1980181N10130,0.0
1980197N07154,6.9518678034710275
1980197N15133,0.0
1980201N08155,6.9630683087932255
1980225N11145,0.0
1980296N05165,17.861772133919448
1980300N08137,0.0
1980317N09118,0.0
1980349N10138,0.0
1981176N08150,0.0
1981178N05160,0.06822002337834494
1981256N10150,53.28019572640048
1981283N07132,0.0
1981311N08119,0.0
1981317N14153,0.05308187961791379
1981319N07163,185.2400061031652
1981343N05150,0.0
1981355N07149,3.154726341113198
1982073N07153,0.0
1982077N04161,0.13968027287590948
1982190N09148,0.5116342604634656
1982227N09140,3.120322860475555
1982246N16119,0.0
1982248N14133,30.422570880343784
1982283N17148,0.1898928978651834
1982325N08176,0.13836257763450335
1982339N07139,0.0
1983167N05145,0.0
1983186N04153,1.2152714071695343
1983188N06136,0.0
1983220N16111,0.0
1983239N10183,0.0
1983276N06130,0.0
1983279N04140,0.0
1983282N09155,0.0
1983287N09164,0.0
1983301N11119,0.0
1983317N12153,0.5943243414693123
1983321N11111,1.0557113086812269
1984180N16130,0.0
1984184N06139,0.0
1984220N03145,0.0
1984238N18137,0.02384745299362099
1984239N08146,0.13554001133127205
1984267N18120,0.0
1984291N13130,0.009084365071995634
1984299N18127,0.0
1984302N00149,17.555557226393635
1984313N14154,0.4352289143922264
1985162N05154,2.2551434588984645
1985183N08136,0.0
1985240N08148,0.0
1985267N08133,0.0
1985268N16126,0.0
1985281N02144,0.0
1985284N05159,6.970677613268741
1985294N10122,0.0
1986094N06138,0.0
1986179N11175,155.10254283873226
1986228N19120,0.118262936656856
1986275N10134,0.0
1986276N07177,0.17105644720606722
1986287N09141,0.22627768025674774
1986302N05178,0.0
1986309N07162,0.01019467401124631
1986316N06146,0.0
1986343N05176,214.0465656737107
1986353N03178,0.0
1987219N08134,0.10129458237247435
1987219N08155,0.004938258684207079
1987245N17120,0.0
1987288N13168,9.119827397764038
1987311N10148,0.0
1987320N03171,61.90327347963748
1987325N13126,0.0
1987343N05154,0.08000667774030097
1988005N03174,0.0035284543483284354
1988150N19119,0.0
1988177N07137,0.0
1988193N09149,4.199599122507621
1988263N15126,0.0
1988271N16125,0.0
1988290N08145,0.03444161851323104
1988295N10138,145.4108237685994
1988306N15130,0.0308650674435537
1988307N09131,0.08089277004591341
1988308N09140,45.043139252500225
1988356N05142,0.25892563612067
1989010N16212,0.0
1989026N11127,0.09446942522773454
1989134N07138,13.399366921113398
1989153N04144,0.0
1989187N15132,0.0
1989190N20160,5.760996931983735
1989199N05139,0.0
1989271N12142,0.09143531785432459
1989272N18120,0.0
1989279N07151,38.83053207409008
1989286N14137,6.536847499270338
1989314N10152,2.489172669053417
1990129N05138,0.0
1990140N09122,0.0
1990163N08133,0.0
1990166N06141,0.043798367360010686
1990171N11148,1.3876814967514866
1990202N13130,0.0
1990232N13141,0.0
1990250N13157,7.327281753626593
1990272N11121,0.0
1990283N15129,0.0
1990310N07152,85.20144107216748
1990312N12121,0.0
1990319N07197,0.037995635247869364
1991062N04156,0.0
1991111N04145,0.0
1991163N11128,0.026134124641705732
1991187N06139,0.2925229916877049
1991196N06153,0.2058651641210434
1991220N10133,0.0
1991244N19126,0.0
1991257N16130,0.0
1991289N06156,92.82401388550687
1991301N08173,5.187410282565001
1991304N08140,0.0
1991317N09141,0.0
1992174N13126,0.0
1992188N07156,0.0
1992194N07140,0.0
1992198N13135,0.03035445349552892
1992259N11159,0.39707958774595015
1992289N08135,1.4920116239272738
1992314N08141,0.10922934425849515
1993059N05136,0.0
1993096N08148,0.0
1993105N06165,0.0
1993164N04160,18.69190297605993
1993166N06131,0.0
1993185N09137,0.0
1993193N08144,0.0
1993224N07153,0.0
1993231N09134,0.0
1993250N17119,0.0
1993253N06150,0.0
1993261N11131,0.0
1993271N14134,0.12479437282832188
1993279N12114,0.0
1993298N11154,8.655087112946806
1993317N08149,0.0
1993322N09137,0.05759621112419918
1993331N05172,15.306184938245526
1993336N05164,0.0
1993353N05159,3.5919478392311657
1994001N05156,0.0
1994088N09148,1.4950872970381122
1994134N05161,0.0
1994169N06152,0.0
1994181N17137,0.0
1994189N16117,0.0
1994192N05139,0.0
1994197N14115,0.0
1994232N10144,0.0
1994250N14133,0.0
1994287N14156,0.3931076720866533
1994345N06165,8.657871058303167
1995148N07150,0.0
1995206N15133,0.0
1995209N17122,0.0
1995215N12145,0.0
1995225N12124,0.0
1995236N10134,0.1380020986936759
1995244N08139,0.0
1995247N05144,0.0
1995252N08142,0.0
1995262N04161,0.0
1995264N06174,2.665064884628555
1995276N13124,0.0
1995277N07141,0.0
1995292N08150,0.0
1995293N05177,72.88053718230145
1995294N05163,0.0
1995334N09129,0.029695394615434474
1996058N06137,0.0
1996090N04150,0.0
1996137N13111,0.0
1996201N07137,27.900199955337058
1996227N08156,0.0
1996246N08148,0.2697174700104503
1996250N08148,0.0
1996282N11162,0.03246268137802317
1996283N12133,0.0
1996299N11121,0.0
1996303N07155,0.06896858582042237
1996305N11121,0.0
1996312N14125,0.19099630566432851
1996328N08151,0.09642484215074543
1996356N08110,0.09944866823379356
1997143N17111,0.0
1997210N15120,0.0
1997283N07177,18.36372751859732
1997298N06140,0.028564100576678842
1997311N10151,0.0
1998217N10130,0.0
1998259N17118,0.0
1998281N11151,9.145095072605528
1998285N12149,39.84944518523736
1998327N09126,0.0
1998342N06141,5.273196927258336
1998351N11125,0.0
1999096N10136,0.0
1999111N08126,0.0
1999230N12129,0.00840727872386997
1999241N12133,0.0
1999253N17124,0.0
1999275N16135,0.34742120912956065
1999288N12129,0.0
1999310N09138,0.15814709002058916
1999342N08116,0.0
2000138N16119,0.0
2000141N18116,0.0
2000185N15117,0.030625288034778875
2000193N10131,0.0
2000196N16122,0.0
2000248N18126,0.9553792416917728
2000299N08139,22.640860396310277
2000305N06136,0.07578691224485362
2000332N08133,0.8771265978983805
2000334N08130,0.8771265978983805
2001047N09134,0.0
2001125N05129,0.0
2001170N11138,0.0
2001181N08141,12.987359596532372
2001204N19127,0.0
2001228N15118,0.0
2001264N21126,0.08518112442363576
2001309N10130,3.049307004892217
2001323N05107,0.0
2001338N10130,0.7400380552311452
2002008N07141,0.0
2002078N04138,0.0
2002199N08130,0.05463034053407953
2002214N19120,0.0
2002222N11131,0.034772661978913634
2002252N20121,0.0
2003144N16119,0.0
2003158N08156,0.02571012704398692
2003196N05150,14.69117263604125
2003196N11137,0.6673820087794918
2003226N07156,0.12336210457720082
2003294N11112,0.0
2003302N11133,1.530035352506645
2003316N11141,0.2291736239884497
2003357N11142,0.1050428873270271
2004074N03143,0.0
2004134N07132,2.1305265224727155
2004158N07142,0.0
2004174N14146,28.10934036395919
2004319N10134,0.02814580698251705
2004327N16125,0.0
2004333N06154,9.468855545248049
2005071N06152,0.0
2005222N14131,0.0
2005257N15120,0.0
2005262N13127,0.0
2005311N08140,0.0
2005316N05134,0.2939071632174767
2005350N08127,0.18433557874557654
2006128N09138,9.750711758118483
2006174N08135,0.0
2006209N13130,0.0
2006268N12129,0.3800745873178515
2006298N12143,0.0
2006311N16143,0.0
2006329N06150,59.653055556123974
2006340N08142,3.102079875290801
2006349N08157,0.0
2007265N20122,0.0
2007272N17125,0.04290699356962362
2007306N18133,0.0
2007323N09128,6.972860292257498
2007324N10140,1.128710941316282
2008012N12123,0.0
2008104N08128,0.0
2008135N12116,0.0
2008169N08135,23.957754522536963
2008217N19120,0.0
2008229N13147,8.400157308161997
2008238N13130,0.0
2008262N16142,9.276499328947363
2008272N08139,0.0
2008311N08128,0.0
2008320N08122,0.0
2009121N13124,0.0
2009123N10111,0.014371835529510645
2009164N10131,0.0
2009173N10132,0.2141830801225244
2009189N17129,0.0
2009196N14129,0.0
2009213N16130,0.05337630478915797
2009251N16118,0.0
2009254N14130,0.0
2009268N14128,0.5406281330612167
2009270N10148,1.6878623935178556
2009299N12153,3.607209776454544
2009324N06129,0.0
2010191N12138,0.2917824571024851
2010198N15123,0.0
2010285N13145,19.657105561781954
2011126N11129,0.0
2011159N13122,0.0
2011167N08129,0.0
2011205N12130,0.26382523433632565
2011233N12129,9.958632875226717
2011266N13139,2.4690957474999946
2011270N18139,0.15417611766793174
2011282N08136,0.0
2011346N03156,0.13986301224911693
2012046N08130,0.0
2012177N11135,0.0
2012201N15129,0.0
2012225N16133,0.0
2012296N06135,0.42117770736760185
2012317N07118,0.0
2012331N03157,0.21779279891658704
2012359N08134,0.05813590844838383
2013001N04141,0.0
2013049N05131,0.0
2013178N09133,0.0
2013196N14128,0.0
2013210N13122,0.0
2013217N11118,0.0
2013220N12137,0.12885520084194702
2013282N14132,0.5355224069316115
2013301N13142,19.39363945192868
2013305N07141,0.0
2013306N07162,181.23881849260982
2013316N06130,0.0
2014029N10143,0.16974692066111233
2014080N08128,0.0
2014190N08154,36.802374855672156
2014254N10142,2.170092393321071
2014260N13135,0.9115242744582852
2014329N08131,0.0
2014334N02156,59.2788220600727
2014362N07130,0.03621732411430562
2015012N09146,6.787471999076903
2015069N04173,0.0
2015085N06162,0.018494140025914103
2015122N07144,4.679247908876528
2015183N13130,0.025250285769597064
2015203N16126,0.0
2015226N12151,79.77364403958853
2015273N12130,0.0
2015285N14151,10.69020617367811
2015344N07145,0.489733562757825
2015348N04146,0.0
2016211N11128,0.22139033508577
2016279N19130,0.0
2016287N12131,1.1467899855152048
2016288N06146,48.21359924326866
2016328N09130,0.0937762831658937
2016355N07146,1.2494284592831004
2017008N08128,0.0
2017104N11130,0.0
2017161N13119,0.0
2017202N19124,0.0
2017232N19130,0.0
2017236N15129,0.0
2017242N19122,0.0
2017247N16132,0.0
2017253N14130,0.0
2017284N15134,0.0
2017291N09116,0.0
2017304N11127,0.0
2017312N10134,0.0
2017321N07124,0.0
2017347N11131,1.2022478025399583
2017354N08134,0.0
2017364N07138,0.22404269673965926
2018039N08151,0.0750220828296699
2018195N19138,0.0
2018202N18116,0.0
2018250N12170,116.08114142762582
2018294N08161,4.876948456815334
2018311N07179,0.0
2018358N07140,2.0082716746305262
2019004N03175,0.0
2019071N04161,0.0
2019195N13136,0.0
2019236N08143,0.0
2019242N18126,0.0
2019302N11118,0.0
2019314N14136,6.010254256219363
2019329N09160,332.27637311571686
2019354N05151,0.8446858874970194
2020129N07134,0.06700767615324557
2020160N10133,0.0
2020195N17125,0.0
2020211N14124,0.0
2020229N18123,0.0
2020234N19123,0.0
2020258N11127,0.0
2020281N14126,0.0
2020285N17120,0.0
2020288N13124,0.0
2020291N06141,0.0
2020296N09137,14.155261464168062
2020299N11144,13.257544062930545
2020312N10131,0.0
2020313N08135,12.022563366322075
2020353N06129,0.01910869359430636
2021046N06142,0.0
2021132N06132,0.0
2021148N05142,0.9458393485963119
2021185N13121,0.0
2021248N11131,0.0
2021248N12141,0.03404635219268712
2021276N07131,0.0
2021280N14137,0.5355197539915484
2021296N06127,0.0
2021346N05145,46.55578512972798
2022099N11128,0.08605932971198468
2022232N18131,0.0408662278526523
2022264N17132,2.267984839376333
2022285N17140,0.166741826244065
2022292N21132,0.0
2022299N11134,6.225785303539874
2022301N07140,0.0
2022342N06133,0.0
2023101N14127,0.0
2023194N16123,0.0
2023201N13134,46.990971342839686
2023234N18128,3.0803461521185675
2023349N04141,0.0
2024145N08130,0.0
2024245N12129,0.16324886347342313
2024259N17126,0.0
2024293N13141,1.546852316742807
2024308N08140,5.848182121306031
2024313N10169,11.423401572094402
2024313N15138,0.017374887772444815
2024314N07151,5.13295784401267
