latitude,longitude,max_wind_speed
22.5,113.0,6.062579
22.5,113.1,6.0687523
22.5,113.2,6.1980524
22.5,113.3,6.476871
22.5,113.4,6.7026787
22.5,113.5,6.965121
22.5,113.9,7.409217
22.5,114.1,6.5297494
22.5,114.2,6.6746497
22.5,114.3,7.352173
22.5,120.5,2.9754486
22.5,120.6,2.8497152
22.5,120.7,3.490184
22.5,120.8,4.222748
22.5,120.9,5.065683
22.4,113.0,6.061557
22.4,113.1,6.1312428
22.4,113.2,6.2534733
22.4,113.3,6.587351
22.4,113.4,6.9290066
22.4,113.5,7.230964
22.4,113.6,7.564508
22.4,114.0,7.0033984
22.4,114.1,6.8753185
22.4,114.2,7.366898
22.4,114.3,8.308889
22.4,120.7,4.9715214
22.4,120.8,5.736482
22.3,113.0,6.521167
22.3,113.1,6.623139
22.3,113.2,6.7706904
22.3,113.3,7.110247
22.3,113.4,7.4742436
22.3,113.5,7.7462497
22.3,113.9,8.112972
22.3,114.2,7.9613953
22.3,120.7,7.3089423
22.3,120.8,8.048031
22.2,113.0,7.3620253
22.2,113.1,7.733779
22.2,113.2,7.9041443
22.2,113.3,8.240761
22.2,113.4,8.579915
22.2,113.5,8.885775
22.2,120.7,10.522242
22.2,120.8,11.471352
22.1,113.2,8.925236
22.1,113.3,9.451771
22.1,120.7,13.811498
22.1,120.8,14.827354
22.0,113.0,8.294382
22.0,113.2,9.685341
22.0,120.8,17.003729
19.4,121.4,16.730963
19.4,121.5,16.614357
18.9,121.9,15.997801
18.6,120.8,13.055245
18.6,120.9,12.344164
18.6,121.1,11.228611
18.6,121.2,10.933128
18.5,120.7,10.528424
18.5,120.8,9.58169
18.5,120.9,8.240217
18.5,121.0,7.748856
18.5,121.1,7.7686257
18.5,121.2,7.574627
18.5,121.3,7.8306603
18.5,122.2,15.191795
18.4,120.6,8.984729
18.4,120.7,7.7179737
18.4,120.8,6.362214
18.4,120.9,5.043612
18.4,121.0,4.7182693
18.4,121.1,4.558725
18.4,121.2,4.5894737
18.4,121.3,5.2905045
18.4,121.4,6.8706217
18.4,121.5,8.138938
18.4,121.6,9.822057
18.4,122.1,13.86375
18.4,122.2,14.327074
18.4,122.3,14.372313
18.3,120.7,6.6843657
18.3,120.8,5.7311273
18.3,120.9,4.6165056
18.3,121.0,4.1373944
18.3,121.1,3.91227
18.3,121.2,3.6802633
18.3,121.3,4.0215464
18.3,121.4,5.3034086
18.3,121.5,7.0159335
18.3,121.6,8.928484
18.3,121.7,10.302704
18.3,122.1,11.203008
18.3,122.2,11.736747
18.3,122.3,12.237693
18.2,120.5,9.77714
18.2,120.6,7.770708
18.2,120.7,5.8007393
18.2,120.8,5.134442
18.2,120.9,4.501841
18.2,121.0,3.891943
18.2,121.1,3.3860261
18.2,121.2,3.1553416
18.2,121.3,3.5012689
18.2,121.4,4.187111
18.2,121.5,5.53678
18.2,121.6,7.0224104
18.2,121.7,7.462621
18.2,121.8,7.7747455
18.2,121.9,7.833919
18.2,122.0,7.9184275
18.2,122.1,8.098525
18.2,122.2,9.9093075
18.1,120.5,10.058984
18.1,120.6,7.041693
18.1,120.7,4.999734
18.1,120.8,4.583364
18.1,120.9,4.2917414
18.1,121.0,3.7471387
18.1,121.1,3.1006377
18.1,121.2,2.797734
18.1,121.3,3.194572
18.1,121.4,3.7776504
18.1,121.5,4.2779512
18.1,121.6,4.498776
18.1,121.7,4.8625264
18.1,121.8,5.151629
18.1,121.9,5.1918087
18.1,122.0,5.3099937
18.1,122.1,6.507791
18.1,122.2,8.232397
18.0,120.6,6.5018597
18.0,120.7,4.9222174
18.0,120.8,4.536311
18.0,120.9,4.6401443
18.0,121.0,4.1837425
18.0,121.1,3.2576098
18.0,121.2,2.984755
18.0,121.3,3.349639
18.0,121.4,3.7946882
18.0,121.5,4.0797772
18.0,121.6,3.6517828
18.0,121.7,3.702169
18.0,121.8,3.955762
18.0,121.9,3.9584885
18.0,122.0,4.1764603
18.0,122.1,5.920336
17.9,120.5,8.7152
17.9,120.6,5.964559
17.9,120.7,4.8839636
17.9,120.8,4.8648653
17.9,120.9,5.256148
17.9,121.0,4.7491336
17.9,121.1,3.704054
17.9,121.2,3.1185598
17.9,121.3,3.415295
17.9,121.4,3.7384663
17.9,121.5,3.9517307
17.9,121.6,3.6117308
17.9,121.7,3.1004531
17.9,121.8,3.056078
17.9,121.9,3.0485716
17.9,122.0,3.36778
17.9,122.1,4.99891
17.8,120.5,8.182883
17.8,120.6,5.4394155
17.8,120.7,4.9519987
17.8,120.8,5.0281954
17.8,120.9,5.4866295
17.8,121.0,5.0156627
17.8,121.1,3.9473844
17.8,121.2,2.9923255
17.8,121.3,3.0477057
17.8,121.4,3.4366014
17.8,121.5,3.8261843
17.8,121.6,3.4123232
17.8,121.7,3.0599096
17.8,121.8,2.8826842
17.8,121.9,2.527067
17.8,122.0,2.7550318
17.8,122.1,4.5693583
17.7,120.4,10.613745
17.7,120.5,7.985609
17.7,120.6,5.457359
17.7,120.7,4.907014
17.7,120.8,4.930225
17.7,120.9,5.397384
17.7,121.0,4.89393
17.7,121.1,3.7997875
17.7,121.2,2.7581081
17.7,121.3,2.397476
17.7,121.4,2.8690774
17.7,121.5,3.2433176
17.7,121.6,2.9909356
17.7,121.7,2.982322
17.7,121.8,2.811619
17.7,121.9,2.2576172
17.7,122.0,2.6491482
17.7,122.1,4.1736727
17.6,120.4,10.793971
17.6,120.5,7.923165
17.6,120.6,5.664122
17.6,120.7,4.887569
17.6,120.8,4.89587
17.6,120.9,5.2574406
17.6,121.0,4.789297
17.6,121.1,3.672282
17.6,121.2,2.624363
17.6,121.3,2.2399619
17.6,121.4,2.5497599
17.6,121.5,3.0923014
17.6,121.6,2.9087849
17.6,121.7,2.9811583
17.6,121.8,2.7862499
17.6,121.9,2.0384085
17.6,122.0,2.347545
17.6,122.1,3.885557
17.5,120.5,7.62206
17.5,120.6,5.2577806
17.5,120.7,4.3383822
17.5,120.8,4.06361
17.5,120.9,4.666113
17.5,121.0,4.6305313
17.5,121.1,3.6031148
17.5,121.2,2.495958
17.5,121.3,2.2392929
17.5,121.4,2.4684253
17.5,121.5,2.8404906
17.5,121.6,2.7506762
17.5,121.7,2.797933
17.5,121.8,2.6436994
17.5,121.9,1.7781707
17.5,122.0,1.884973
17.5,122.1,2.6558373
17.4,120.5,7.2597823
17.4,120.6,4.4500537
17.4,120.7,3.4776506
17.4,120.8,3.1266012
17.4,120.9,3.7183259
17.4,121.0,3.8809612
17.4,121.1,3.3973072
17.4,121.2,2.5493047
17.4,121.3,2.2341614
17.4,121.4,2.279592
17.4,121.5,2.5725179
17.4,121.6,2.422937
17.4,121.7,2.6498258
17.4,121.8,2.4642127
17.4,121.9,1.9171457
17.4,122.0,1.663927
17.4,122.1,2.1506274
17.4,122.2,2.6376133
17.3,120.5,6.699693
17.3,120.6,3.8777688
17.3,120.7,2.662567
17.3,120.8,2.5915992
17.3,120.9,3.065801
17.3,121.0,3.1782458
17.3,121.1,2.8218596
17.3,121.2,2.471162
17.3,121.3,2.1327353
17.3,121.4,2.0085578
17.3,121.5,2.1676154
17.3,121.6,2.3367333
17.3,121.7,2.620575
17.3,121.8,2.6891901
17.3,121.9,2.0253408
17.3,122.0,1.6699798
17.3,122.1,2.2219362
17.3,122.2,2.5995338
17.3,122.3,3.0620508
17.2,120.5,6.1168647
17.2,120.6,3.2380514
17.2,120.7,2.168578
17.2,120.8,2.371534
17.2,120.9,2.9412882
17.2,121.0,3.1117268
17.2,121.1,2.7283182
17.2,121.2,2.2947488
17.2,121.3,1.9707237
17.2,121.4,1.8036267
17.2,121.5,2.097875
17.2,121.6,2.182172
17.2,121.7,2.552752
17.2,121.8,2.730237
17.2,121.9,2.2124941
17.2,122.0,2.0248654
17.2,122.1,2.5353873
17.2,122.2,2.9356015
17.2,122.3,3.268975
17.2,122.4,3.625353
17.1,120.5,4.93923
17.1,120.6,2.635638
17.1,120.7,2.1528537
17.1,120.8,2.0969434
17.1,120.9,3.0892353
17.1,121.0,3.293639
17.1,121.1,2.8466494
17.1,121.2,2.4375792
17.1,121.3,1.8359131
17.1,121.4,1.636437
17.1,121.5,1.909756
17.1,121.6,2.1420941
17.1,121.7,2.5737762
17.1,121.8,2.8458512
17.1,121.9,2.3847182
17.1,122.0,2.4920712
17.1,122.1,2.962064
17.1,122.2,3.2384665
17.1,122.3,3.3537114
17.1,122.4,4.1245604
17.1,122.5,5.498587
17.0,120.5,4.6342587
17.0,120.6,2.598329
17.0,120.7,2.1145728
17.0,120.8,2.1972363
17.0,120.9,3.2405894
17.0,121.0,3.2958062
17.0,121.1,2.8217568
17.0,121.2,2.4104924
17.0,121.3,1.8577555
17.0,121.4,1.720611
17.0,121.5,1.9712957
17.0,121.6,2.2664096
17.0,121.7,2.6296434
17.0,121.8,2.869954
17.0,121.9,2.4823446
17.0,122.0,2.842601
17.0,122.1,3.3061516
17.0,122.2,3.4225924
17.0,122.3,3.5489006
17.0,122.4,4.264115
16.9,120.4,5.1090083
16.9,120.5,3.932907
16.9,120.6,2.2888691
16.9,120.7,2.071945
16.9,120.8,2.2732654
16.9,120.9,3.1995811
16.9,121.0,2.999571
16.9,121.1,2.4149504
16.9,121.2,2.1389182
16.9,121.3,1.7340341
16.9,121.4,1.7120275
16.9,121.5,1.8771404
16.9,121.6,2.170294
16.9,121.7,2.5349047
16.9,121.8,2.8045998
16.9,121.9,2.5061417
16.9,122.0,2.7808304
16.9,122.1,3.177753
16.9,122.2,3.6863918
16.9,122.3,3.7986765
16.9,122.4,4.5728483
16.8,120.4,4.1315656
16.8,120.5,2.8992298
16.8,120.6,1.9483558
16.8,120.7,2.026903
16.8,120.8,2.3476555
16.8,120.9,3.1348078
16.8,121.0,2.8973634
16.8,121.1,2.1478767
16.8,121.2,1.8672242
16.8,121.3,1.7783974
16.8,121.4,1.7589302
16.8,121.5,1.9237726
16.8,121.6,1.972635
16.8,121.7,2.4108744
16.8,121.8,2.7051346
16.8,121.9,2.4380019
16.8,122.0,2.4838533
16.8,122.1,2.8464305
16.8,122.2,3.5818706
16.8,122.3,4.0666227
16.8,122.4,4.492604
16.7,120.4,3.238906
16.7,120.5,2.4337654
16.7,120.6,1.5831411
16.7,120.7,1.978598
16.7,120.8,2.3956673
16.7,120.9,2.9992585
16.7,121.0,2.8740668
16.7,121.1,2.2510235
16.7,121.2,1.9695567
16.7,121.3,1.8322918
16.7,121.4,1.8470986
16.7,121.5,1.9512309
16.7,121.6,2.0719526
16.7,121.7,2.3694165
16.7,121.8,2.6649342
16.7,121.9,2.4519784
16.7,122.0,2.4112015
16.7,122.1,2.7121177
16.7,122.2,3.4410307
16.7,122.3,4.2115545
16.6,120.3,3.5201647
16.6,120.4,3.4888756
16.6,120.5,2.4949424
16.6,120.6,1.4404387
16.6,120.7,2.3813248
16.6,120.8,2.8801522
16.6,120.9,3.2898827
16.6,121.0,3.0623546
16.6,121.1,2.5636663
16.6,121.2,2.2592947
16.6,121.3,1.8981696
16.6,121.4,1.6694373
16.6,121.5,2.0242138
16.6,121.6,2.3030906
16.6,121.7,2.5956147
16.6,121.8,2.7393885
16.6,121.9,2.7925324
16.6,122.0,2.861088
16.6,122.1,3.20208
16.6,122.2,3.986354
16.6,122.3,4.9549103
16.5,120.3,3.8287723
16.5,120.4,3.5614138
16.5,120.5,2.4309068
16.5,120.6,1.5138371
16.5,120.7,2.7846215
16.5,120.8,3.3092148
16.5,120.9,3.790607
16.5,121.0,3.3607526
16.5,121.1,2.8260815
16.5,121.2,2.625466
16.5,121.3,2.2181377
16.5,121.4,2.0864983
16.5,121.5,2.3256905
16.5,121.6,2.5519423
16.5,121.7,2.7402754
16.5,121.8,2.902157
16.5,121.9,2.926963
16.5,122.0,3.2262003
16.5,122.1,3.840214
16.5,122.2,5.1785207
16.4,120.4,3.9157724
16.4,120.5,2.5755377
16.4,120.6,1.5962026
16.4,120.7,2.9484828
16.4,120.8,3.4828176
16.4,120.9,4.11529
16.4,121.0,3.955766
16.4,121.1,3.161885
16.4,121.2,2.9324791
16.4,121.3,2.7842176
16.4,121.4,2.7886221
16.4,121.5,2.63779
16.4,121.6,2.7349937
16.4,121.7,2.883144
16.4,121.8,3.021387
16.4,121.9,3.100247
16.4,122.0,3.6123445
16.4,122.1,4.792657
16.4,122.2,6.2605963
16.3,119.8,5.624462
16.3,120.4,4.503303
16.3,120.5,3.1651964
16.3,120.6,1.8545314
16.3,120.7,2.7949967
16.3,120.8,3.4608092
16.3,120.9,4.338859
16.3,121.0,4.412107
16.3,121.1,3.9009848
16.3,121.2,3.3293772
16.3,121.3,3.2986763
16.3,121.4,3.1225019
16.3,121.5,2.7606041
16.3,121.6,2.926004
16.3,121.7,3.0903852
16.3,121.8,3.200127
16.3,121.9,3.5036836
16.3,122.0,4.9254436
16.3,122.1,6.3421164
16.2,119.8,6.007723
16.2,119.9,6.0063057
16.2,120.0,6.1270185
16.2,120.5,3.7974527
16.2,120.6,2.4016519
16.2,120.7,2.7824929
16.2,120.8,3.6760511
16.2,120.9,4.6264625
16.2,121.0,4.700702
16.2,121.1,4.3233137
16.2,121.2,3.9900534
16.2,121.3,3.6391947
16.2,121.4,3.2091777
16.2,121.5,2.8037434
16.2,121.6,2.9296794
16.2,121.7,3.2464902
16.2,121.8,3.5770085
16.2,121.9,4.6783605
16.2,122.0,6.4181137
16.1,119.8,6.28077
16.1,119.9,6.2600827
16.1,120.0,6.3898916
16.1,120.5,3.319808
16.1,120.6,2.6834574
16.1,120.7,3.102712
16.1,120.8,3.9080915
16.1,120.9,4.8593884
16.1,121.0,4.970504
16.1,121.1,4.549913
16.1,121.2,4.326772
16.1,121.3,3.8421593
16.1,121.4,3.2550669
16.1,121.5,2.8756173
16.1,121.6,2.9758222
16.1,121.7,3.4787436
16.0,119.8,6.3661036
16.0,119.9,6.330835
16.0,120.0,5.4929976
16.0,120.1,4.551659
16.0,120.2,4.280968
16.0,120.3,4.1021705
16.0,120.4,3.8170977
16.0,120.5,3.5530398
16.0,120.6,3.6100368
16.0,120.7,3.743768
16.0,120.8,4.1921887
16.0,120.9,5.313897
16.0,121.0,5.4293466
16.0,121.1,4.9705095
16.0,121.2,4.631864
16.0,121.3,4.2794237
16.0,121.4,3.7642176
16.0,121.5,3.384588
16.0,121.6,3.5839858
15.9,120.0,4.6028438
15.9,120.1,4.87072
15.9,120.2,4.740653
15.9,120.3,4.5699596
15.9,120.4,4.2796254
15.9,120.5,4.466965
15.9,120.6,4.3754387
15.9,120.7,4.4722204
15.9,120.8,4.8659267
15.9,120.9,5.7658267
15.9,121.0,5.904065
15.9,121.1,5.467796
15.9,121.2,5.05039
15.9,121.3,4.664615
15.9,121.4,4.2345343
15.9,121.5,4.184786
15.9,121.6,4.20123
15.8,120.0,4.4861665
15.8,120.1,4.8521643
15.8,120.2,4.8346977
15.8,120.3,4.8699017
15.8,120.4,5.143661
15.8,120.5,5.030586
15.8,120.6,4.942803
15.8,120.7,5.0510917
15.8,120.8,5.4402685
15.8,120.9,6.30123
15.8,121.0,6.1376605
15.8,121.1,5.5933137
15.8,121.2,5.1326637
15.8,121.3,4.614646
15.8,121.4,4.253295
15.8,121.5,4.3674116
15.7,120.0,4.156409
15.7,120.1,4.6161757
15.7,120.2,4.633587
15.7,120.3,5.20063
15.7,120.4,5.6122303
15.7,120.5,5.513986
15.7,120.6,5.419486
15.7,120.7,5.542093
15.7,120.8,6.125197
15.7,120.9,6.594787
15.7,121.0,6.3618016
15.7,121.1,5.6354275
15.7,121.2,5.091106
15.7,121.3,4.470441
15.7,121.4,4.419665
15.7,121.5,4.854189
15.6,120.0,3.7680368
15.6,120.1,4.442186
15.6,120.2,5.0171046
15.6,120.3,5.648532
15.6,120.4,6.069842
15.6,120.5,5.970841
15.6,120.6,5.863944
15.6,120.7,5.8125005
15.6,120.8,6.3354187
15.6,120.9,6.854756
15.6,121.0,6.5682616
15.6,121.1,5.798205
15.6,121.2,5.2845783
15.6,121.3,4.936812
15.6,121.4,5.0144305
15.6,121.5,5.326451
15.5,120.0,3.7831454
15.5,120.1,4.6178317
15.5,120.2,5.2747664
15.5,120.3,5.89574
15.5,120.4,6.299573
15.5,120.5,6.2353187
15.5,120.6,6.091656
15.5,120.7,5.9639297
15.5,120.8,6.2545204
15.5,120.9,6.688174
15.5,121.0,6.48415
15.5,121.1,5.761467
15.5,121.2,5.7677083
15.5,121.3,6.5138535
15.5,121.4,6.682822
15.5,121.5,6.8005743
15.4,119.9,5.964615
15.4,120.0,3.6947696
15.4,120.1,4.944106
15.4,120.2,5.584892
15.4,120.3,6.122646
15.4,120.4,6.5181785
15.4,120.5,6.413021
15.4,120.6,6.237363
15.4,120.7,6.1983256
15.4,120.8,6.3256593
15.4,120.9,6.607559
15.4,121.0,6.335138
15.4,121.1,6.3740573
15.4,121.2,6.686949
15.4,121.3,7.4159346
15.3,120.0,4.1493406
15.3,120.1,5.2414136
15.3,120.2,5.8761635
15.3,120.3,6.3849397
15.3,120.4,6.688454
15.3,120.5,6.611138
15.3,120.6,6.4612164
15.3,120.7,6.4251413
15.3,120.8,6.527673
15.3,120.9,6.604749
15.3,121.0,6.656196
15.3,121.1,6.9099903
15.3,121.2,7.1822762
15.3,121.3,8.0524025
15.3,121.4,8.995469
15.2,120.1,5.48249
15.2,120.2,6.06924
15.2,120.3,6.398599
15.2,120.4,6.722223
15.2,120.5,6.7389083
15.2,120.6,6.6291113
15.2,120.7,6.591722
15.2,120.8,6.6661897
15.2,120.9,6.678025
15.2,121.0,6.4350495
15.2,121.1,6.3976736
15.2,121.2,6.6820283
15.2,121.3,7.5793138
15.1,120.1,5.6866093
15.1,120.2,6.113849
15.1,120.3,6.236665
15.1,120.4,6.71696
15.1,120.5,6.7717524
15.1,120.6,6.8271585
15.1,120.7,6.7921515
15.1,120.8,6.759159
15.1,120.9,6.694862
15.1,121.0,6.452604
15.1,121.1,6.108491
15.1,121.2,6.1797066
15.1,121.3,6.828094
15.1,121.4,7.3618813
15.0,120.1,6.0284014
15.0,120.2,6.168733
15.0,120.3,6.320321
15.0,120.4,6.776818
15.0,120.5,6.8705454
15.0,120.6,6.9132705
15.0,120.7,6.7836013
15.0,120.8,6.6459765
15.0,120.9,6.5795946
15.0,121.0,6.629977
15.0,121.1,6.513588
15.0,121.2,6.370857
15.0,121.3,6.1542788
15.0,121.4,6.3589826
15.0,121.5,7.062485
15.0,121.9,13.090756
15.0,122.0,13.409889
14.9,120.1,6.5298758
14.9,120.2,6.686338
14.9,120.3,6.7619824
14.9,120.4,7.091174
14.9,120.5,7.148905
14.9,120.8,6.3519354
14.9,120.9,6.5108533
14.9,121.0,6.7479973
14.9,121.1,6.5768166
14.9,121.2,6.3773727
14.9,121.3,6.107643
14.9,121.4,5.972066
14.9,121.5,6.3670144
14.9,121.9,13.301897
14.9,122.0,13.501199
14.8,120.2,7.1885266
14.8,120.3,7.3108206
14.8,120.4,7.3716984
14.8,120.5,7.4025774
14.8,120.9,6.82784
14.8,121.0,6.8431444
14.8,121.1,6.6068225
14.8,121.2,6.3701377
14.8,121.3,6.122194
14.8,121.4,5.95282
14.8,121.5,6.066355
14.8,121.6,7.645025
14.8,121.9,13.389379
14.8,122.0,13.840326
14.8,122.2,13.808001
14.7,120.3,7.8640995
14.7,120.4,8.217763
14.7,120.5,8.123362
14.7,121.0,7.013328
14.7,121.1,6.771309
14.7,121.2,6.541696
14.7,121.3,6.313436
14.7,121.4,6.080514
14.7,121.5,6.235322
14.7,121.6,7.756564
14.7,122.0,13.866707
14.7,122.4,13.6378975
14.6,120.4,9.712737
14.6,120.5,9.357916
14.6,120.6,9.379364
14.6,121.0,7.0610538
14.6,121.1,7.0387506
14.6,121.2,6.8493032
14.6,121.3,6.675932
14.6,121.4,6.238291
14.6,121.5,6.283692
14.6,121.6,8.222261
14.5,120.5,10.672527
14.5,120.6,10.354305
14.5,121.1,7.50624
14.5,121.2,7.4584846
14.5,121.3,7.0712337
14.5,121.4,6.752307
14.5,121.5,7.233464
14.5,121.6,8.559487
14.4,120.8,8.248682
14.4,120.9,7.5263124
14.4,121.0,7.4900346
14.4,121.3,6.752966
14.4,121.5,6.806361
14.4,121.6,8.72084
14.4,121.7,10.1685295
14.3,120.7,8.83403
14.3,120.8,8.0961685
14.3,120.9,7.193302
14.3,121.0,6.8638506
14.3,121.1,6.613854
14.3,121.5,6.188915
14.3,121.6,8.331234
14.3,121.7,11.268446
14.3,122.5,8.940066
14.3,122.7,9.07613
14.2,120.6,9.340437
14.2,120.7,8.449067
14.2,120.8,7.6592526
14.2,120.9,6.9758325
14.2,121.0,6.3834796
14.2,121.1,6.0117106
14.2,121.4,5.5938244
14.2,121.5,5.789209
14.2,121.6,8.383306
14.2,121.7,11.626692
14.2,122.0,12.883589
14.2,122.4,7.620139
14.2,122.5,7.452044
14.2,122.6,7.185618
14.2,122.7,7.2754846
14.2,122.8,7.7254534
14.2,122.9,8.087746
14.1,120.6,9.454715
14.1,120.7,8.902395
14.1,120.8,8.1945095
14.1,120.9,7.5961924
14.1,121.0,6.6891966
14.1,121.1,5.9395633
14.1,121.2,5.8444624
14.1,121.3,5.595395
14.1,121.4,5.5357084
14.1,121.5,6.2567797
14.1,121.6,8.485812
14.1,121.7,11.59136
14.1,121.8,14.508908
14.1,122.1,10.6504965
14.1,122.3,8.088305
14.1,122.4,7.164867
14.1,122.5,6.8047695
14.1,122.6,6.730962
14.1,122.7,6.712248
14.1,122.8,6.965319
14.1,122.9,7.73051
14.1,123.0,8.891823
14.0,120.7,9.709832
14.0,120.8,9.124313
14.0,120.9,8.662284
14.0,121.0,7.6474314
14.0,121.1,6.398953
14.0,121.2,5.9186087
14.0,121.3,5.8307805
14.0,121.4,6.0905905
14.0,121.5,7.042334
14.0,121.6,9.117304
14.0,121.7,11.53388
14.0,121.8,14.163885
14.0,121.9,13.123575
14.0,122.4,6.7071857
14.0,122.5,6.652198
14.0,122.6,6.824298
14.0,122.7,6.9521575
14.0,122.8,7.056891
14.0,122.9,7.5648565
14.0,123.0,9.561322
14.0,123.3,11.198649
14.0,124.2,12.695124
14.0,124.3,10.759078
13.9,120.6,11.037511
13.9,121.0,8.56361
13.9,121.1,7.196176
13.9,121.2,6.3735886
13.9,121.3,6.4999957
13.9,121.4,7.070282
13.9,121.5,8.325475
13.9,122.0,10.658867
13.9,122.1,9.135994
13.9,122.2,7.9396696
13.9,122.3,6.96256
13.9,122.4,6.696788
13.9,122.7,7.3614826
13.9,122.8,7.423655
13.9,122.9,7.5735526
13.9,123.0,8.569482
13.9,123.4,9.206161
13.9,123.5,9.396645
13.9,123.6,11.304511
13.9,123.7,13.247926
13.9,124.2,10.741184
13.9,124.3,9.13506
13.8,120.1,13.195518
13.8,120.2,13.025139
13.8,120.9,9.893104
13.8,121.0,9.011402
13.8,121.1,7.8434396
13.8,121.2,6.7528973
13.8,121.3,7.186273
13.8,121.4,8.968465
13.8,122.0,10.160012
13.8,122.1,8.955276
13.8,122.2,7.878217
13.8,122.3,7.124312
13.8,122.4,7.269331
13.8,122.8,7.7690654
13.8,122.9,7.3324876
13.8,123.0,7.6785727
13.8,123.3,8.399942
13.8,123.4,7.823709
13.8,123.5,8.083286
13.8,123.6,10.480698
13.8,123.7,12.543501
13.8,123.8,13.574551
13.8,124.2,10.361633
13.8,124.3,8.908215
13.7,121.1,8.207134
13.7,121.2,6.8726783
13.7,121.3,7.8081384
13.7,121.4,9.962759
13.7,122.2,8.049713
13.7,122.3,7.651992
13.7,122.4,7.749395
13.7,122.9,7.7970157
13.7,123.0,7.665654
13.7,123.1,7.9317026
13.7,123.2,8.679167
13.7,123.3,7.578942
13.7,123.4,6.668178
13.7,123.5,6.9511786
13.7,124.1,11.344988
13.7,124.2,10.07067
13.7,124.3,8.841781
13.6,122.3,8.357317
13.6,122.4,8.413297
13.6,122.5,8.72568
13.6,122.9,8.221798
13.6,123.0,8.150677
13.6,123.1,8.062265
13.6,123.2,7.9571695
13.6,123.3,6.804066
13.6,123.4,5.688956
13.6,123.5,5.7667575
13.6,124.2,9.797713
13.6,124.3,8.8975315
13.5,120.7,8.4999075
13.5,120.8,7.59607
13.5,121.9,12.0411825
13.5,122.0,9.990121
13.5,122.5,8.791209
13.5,122.6,8.822253
13.5,123.2,9.338252
13.5,123.3,6.896053
13.5,123.4,5.339208
13.5,123.5,5.288542
13.5,123.6,6.8056445
13.4,120.5,9.596851
13.4,120.6,7.6295037
13.4,120.7,6.7991614
13.4,120.8,5.943937
13.4,120.9,5.3157716
13.4,121.0,5.0440316
13.4,121.1,4.928517
13.4,121.2,5.167386
13.4,121.8,13.049365
13.4,121.9,11.834114
13.4,122.0,9.864355
13.4,122.1,8.632036
13.4,122.5,8.592451
13.4,122.6,8.467165
13.4,123.2,9.759533
13.4,123.3,7.918025
13.4,123.4,5.4025335
13.4,123.5,4.7745028
13.4,123.6,5.7898817
13.3,120.6,6.7410426
13.3,120.7,5.613455
13.3,120.8,4.967583
13.3,120.9,4.2779007
13.3,121.0,3.9983392
13.3,121.1,4.087733
13.3,121.2,4.297351
13.3,121.3,5.680895
13.3,121.9,12.0912895
13.3,122.0,10.232342
13.3,122.6,8.768387
13.3,123.3,8.175854
13.3,123.5,4.51753
13.3,123.6,4.911649
13.3,123.7,5.4245234
13.3,123.9,8.588889
13.2,120.7,5.3418703
13.2,120.8,5.300814
13.2,120.9,4.9296675
13.2,121.0,4.660985
13.2,121.1,4.6262374
13.2,121.2,4.3537717
13.2,121.4,6.8332486
13.2,123.3,7.3448195
13.2,123.4,5.531161
13.2,123.5,5.052735
13.2,123.6,5.482947
13.2,123.7,6.2207284
13.1,120.7,5.3651385
13.1,120.8,4.952027
13.1,120.9,5.469504
13.1,121.0,5.2273407
13.1,121.1,4.8156996
13.1,121.2,4.458529
13.1,121.3,4.727452
13.1,121.4,5.6977277
13.1,121.5,7.260509
13.1,123.0,10.620789
13.1,123.4,7.027645
13.1,123.5,6.66228
13.1,123.6,6.7917333
13.1,123.7,7.5141835
13.1,123.8,9.0276165
13.1,123.9,11.250511
13.0,120.8,5.056423
13.0,120.9,5.0831714
13.0,121.0,5.287855
13.0,121.1,4.910538
13.0,121.2,4.5677767
13.0,121.3,4.8226504
13.0,121.4,5.6931863
13.0,123.0,11.304887
13.0,123.1,10.832605
13.0,123.5,8.240546
13.0,123.6,8.743704
13.0,123.7,9.042255
13.0,123.8,9.140472
13.0,123.9,10.33401
13.0,124.0,12.47258
13.0,124.1,13.501633
12.9,120.8,5.1682234
12.9,120.9,4.9040265
12.9,121.0,5.1408796
12.9,121.1,4.878718
12.9,121.2,4.56943
12.9,121.3,4.829843
12.9,121.4,6.1085734
12.9,121.5,7.298723
12.9,123.2,11.183216
12.9,123.8,9.70268
12.9,124.1,11.933868
12.8,120.8,5.3407965
12.8,120.9,4.756465
12.8,121.0,5.0365915
12.8,121.1,4.8176045
12.8,121.2,4.7325172
12.8,121.3,5.3223085
12.8,121.4,6.7952075
12.8,123.9,10.062572
12.8,124.0,9.636069
12.8,124.1,10.940035
12.7,120.9,6.2869716
12.7,121.0,5.506593
12.7,121.1,5.1489043
12.7,121.2,5.550826
12.7,121.3,7.1835933
12.7,121.4,8.7014
12.7,121.5,10.145202
12.7,123.9,11.001817
12.7,124.0,10.72627
12.7,124.1,10.84759
12.6,121.0,8.053904
12.6,121.1,6.9586463
12.6,121.2,7.1272016
12.6,121.3,8.956186
12.6,121.4,10.84103
12.6,121.5,12.514181
12.6,122.1,11.124572
12.6,124.0,11.883453
12.5,121.0,10.072463
12.5,121.1,8.78967
12.5,121.2,9.192605
12.5,121.3,10.888147
12.5,121.4,12.719682
12.5,122.0,10.233469
12.5,122.5,15.477876
12.5,122.6,16.147238
12.5,123.3,14.784547
12.5,123.4,14.579483
12.5,123.5,14.4818735
12.5,123.7,13.708064
12.5,124.3,14.84288
12.5,124.4,13.221373
12.5,124.5,10.809412
12.5,124.6,9.042102
12.5,124.7,8.643433
12.5,124.8,8.655037
12.5,124.9,9.094755
12.5,125.0,9.631165
12.5,125.1,10.179394
12.5,125.2,11.230141
12.4,121.0,11.36227
12.4,121.1,10.456774
12.4,121.2,11.578966
12.4,121.3,13.5416975
12.4,122.0,11.66657
12.4,122.1,11.608901
12.4,122.5,16.047894
12.4,122.6,16.288189
12.4,123.3,13.694935
12.4,123.4,13.431254
12.4,123.5,13.311164
12.4,124.4,12.460634
12.4,124.5,10.193154
12.4,124.6,8.449644
12.4,124.7,8.187641
12.4,124.8,8.045444
12.4,124.9,8.272978
12.4,125.0,8.910881
12.4,125.1,9.496717
12.4,125.2,10.608125
12.3,119.9,17.30299
12.3,121.2,14.409527
12.3,122.0,13.769625
12.3,123.3,13.282833
12.3,123.4,12.10678
12.3,123.5,11.846362
12.3,123.6,11.575011
12.3,123.7,11.390579
12.3,124.4,12.279587
12.3,124.5,9.723704
12.3,124.6,8.079973
12.3,124.7,7.705573
12.3,124.8,7.4951687
12.3,124.9,7.399911
12.3,125.0,8.14815
12.3,125.1,8.902132
12.3,125.2,9.950106
12.3,125.3,11.951864
12.2,119.9,17.521122
12.2,120.0,17.342428
12.2,122.0,15.737612
12.2,123.3,13.304227
12.2,123.4,12.188921
12.2,123.6,11.046076
12.2,123.7,10.886979
12.2,123.8,11.38393
12.2,123.9,12.214707
12.2,124.4,11.551492
12.2,124.5,9.598128
12.2,124.6,7.742213
12.2,124.7,7.3469815
12.2,124.8,7.137652
12.2,124.9,7.0527697
12.2,125.0,7.7193813
12.2,125.1,8.403026
12.2,125.2,9.339736
12.2,125.3,11.364933
12.2,125.4,13.888439
12.2,125.5,15.287437
12.1,120.0,17.853691
12.1,120.1,17.690882
12.1,120.2,17.093538
12.1,120.3,17.440672
12.1,123.3,13.672764
12.1,123.7,12.502221
12.1,123.8,12.956818
12.1,123.9,14.133399
12.1,124.5,10.234653
12.1,124.6,9.210786
12.1,124.7,8.181865
12.1,124.8,7.710899
12.1,124.9,7.7869296
12.1,125.0,8.353548
12.1,125.1,8.1270275
12.1,125.2,8.378169
12.1,125.3,9.833296
12.1,125.4,12.033007
12.0,123.2,15.398227
12.0,123.8,14.428727
12.0,123.9,14.580363
12.0,124.0,15.25739
12.0,124.7,9.631253
12.0,124.8,8.962437
12.0,124.9,8.923801
12.0,125.0,8.579656
12.0,125.1,7.923945
12.0,125.2,8.333838
12.0,125.3,9.41715
12.0,125.4,10.74397
11.9,122.0,19.211033
11.9,123.8,15.189872
11.9,123.9,15.082287
11.9,124.0,15.324901
11.9,124.8,10.695829
11.9,124.9,9.79682
11.9,125.0,8.861103
11.9,125.1,8.196753
11.9,125.2,8.4696865
11.9,125.3,9.559155
11.8,121.9,19.956207
11.8,122.0,19.236572
11.8,122.1,17.956692
11.8,122.2,16.330647
11.8,124.3,15.74127
11.8,124.9,11.212856
11.8,125.0,9.805519
11.8,125.1,8.918879
11.8,125.2,9.03769
11.8,125.3,10.02561
11.8,125.4,10.482768
11.7,120.0,21.283978
11.7,122.1,17.320835
11.7,122.2,16.063826
11.7,122.3,14.735748
11.7,122.4,14.290963
11.7,125.0,10.870936
11.7,125.1,9.750814
11.7,125.2,9.621533
11.7,125.3,10.157186
11.7,125.4,10.664917
11.6,122.2,13.729054
11.6,122.3,12.491719
11.6,122.7,15.6556425
11.6,124.5,17.155737
11.6,125.1,10.272932
11.6,125.2,9.847148
11.6,125.3,10.143667
11.6,125.4,10.675396
11.5,122.1,11.710268
11.5,122.2,10.792094
11.5,122.3,10.414767
11.5,122.4,10.942992
11.5,122.5,12.3014965
11.5,122.6,13.683544
11.5,122.7,14.203641
11.5,122.8,14.490528
11.5,123.1,19.967058
11.5,124.4,18.348892
11.5,124.5,17.41936
11.5,124.9,11.923963
11.5,125.0,11.0089855
11.5,125.1,10.442549
11.5,125.2,10.163912
11.5,125.3,10.308108
11.5,125.4,10.630516
11.5,125.5,12.240756
11.4,122.1,9.684446
11.4,122.2,8.910134
11.4,122.3,8.46387
11.4,122.4,9.037786
11.4,122.5,10.385026
11.4,122.6,11.722345
11.4,122.7,12.55421
11.4,122.8,13.134051
11.4,122.9,13.969138
11.4,123.0,16.211927
11.4,123.1,19.01159
11.4,124.3,18.991709
11.4,124.4,18.209713
11.4,124.5,17.371416
11.4,124.9,12.150815
11.4,125.0,11.646962
11.4,125.1,11.178515
11.4,125.2,10.92709
11.4,125.3,11.061578
11.4,125.4,11.497776
11.4,125.5,13.076795
11.3,119.5,20.020296
11.3,122.1,8.842162
11.3,122.2,8.140953
11.3,122.3,7.687932
11.3,122.4,8.212323
11.3,122.5,9.548581
11.3,122.6,11.215987
11.3,122.7,12.660623
11.3,122.8,13.6114
11.3,122.9,14.346317
11.3,123.0,16.671898
11.3,123.1,18.639214
11.3,124.4,16.617453
11.3,124.5,15.808675
11.3,124.6,14.852231
11.3,124.7,12.912581
11.3,124.8,11.974616
11.3,124.9,12.740075
11.3,125.2,14.166868
11.3,125.3,14.431502
11.3,125.4,14.421426
11.3,125.5,14.595642
11.2,119.5,18.57805
11.2,122.1,8.331587
11.2,122.2,7.826566
11.2,122.3,7.515076
11.2,122.4,8.227105
11.2,122.5,9.737579
11.2,122.6,11.782081
11.2,122.7,13.126776
11.2,122.8,14.724023
11.2,122.9,15.755544
11.2,123.0,17.760086
11.2,123.8,21.329855
11.2,124.0,19.946104
11.2,124.4,15.853587
11.2,124.5,13.722276
11.2,124.6,12.81899
11.2,124.7,11.505225
11.2,124.8,11.273509
11.2,124.9,12.492953
11.2,125.0,15.452759
11.2,125.2,18.289043
11.2,125.3,18.549606
11.2,125.4,18.15532
11.2,125.5,17.954668
11.1,119.5,17.749128
11.1,122.1,8.648179
11.1,122.2,8.08767
11.1,122.3,7.78988
11.1,122.4,8.775452
11.1,122.5,10.580856
11.1,122.6,12.652179
11.1,122.7,13.872089
11.1,122.8,15.115656
11.1,122.9,16.892473
11.1,124.4,15.2037525
11.1,124.5,13.460879
11.1,124.6,11.966072
11.1,124.7,11.303147
11.1,124.8,11.409424
11.1,124.9,12.865953
11.1,125.0,16.399343
11.1,125.5,20.100761
11.0,119.4,18.946669
11.0,122.1,9.483716
11.0,122.2,8.965785
11.0,122.3,8.798965
11.0,122.4,9.97652
11.0,122.5,12.216922
11.0,122.6,14.246081
11.0,122.7,15.382817
11.0,122.8,16.490936
11.0,124.0,21.181147
11.0,124.5,14.468122
11.0,124.6,12.930477
11.0,124.7,11.658674
11.0,124.8,11.751244
11.0,124.9,13.271664
11.0,125.0,17.160522
10.9,119.4,18.548767
10.9,119.5,16.79124
10.9,122.0,11.778193
10.9,122.1,10.570915
10.9,122.2,10.232151
10.9,122.3,10.507778
10.9,122.4,12.032904
10.9,122.5,14.046531
10.9,122.6,16.079062
10.9,122.7,17.134207
10.9,123.2,16.774132
10.9,123.3,16.959265
10.9,123.4,18.376333
10.9,124.0,22.06838
10.9,124.5,15.836648
10.9,124.8,12.7256155
10.9,124.9,14.067622
10.9,125.0,17.395458
10.8,119.3,22.511696
10.8,119.4,19.779451
10.8,119.5,15.604902
10.8,122.0,13.130058
10.8,122.1,12.067887
10.8,122.2,12.343088
10.8,122.3,12.887775
10.8,122.4,14.262954
10.8,122.5,16.258924
10.8,123.0,18.383978
10.8,123.1,15.941703
10.8,123.2,14.387837
10.8,123.3,15.874198
10.8,123.4,17.557365
10.8,123.5,18.869299
10.8,123.9,22.59917
10.8,124.0,22.960949
10.8,124.9,14.134705
10.7,119.4,18.364695
10.7,119.5,15.666093
10.7,119.6,16.480536
10.7,122.0,14.997554
10.7,122.1,14.862645
10.7,122.2,15.459478
10.7,122.3,15.376759
10.7,122.4,16.596125
10.7,122.5,18.515987
10.7,122.6,18.403553
10.7,122.7,18.061954
10.7,123.0,17.42887
10.7,123.1,14.076037
10.7,123.2,12.805472
10.7,123.3,16.44938
10.7,123.4,19.033377
10.7,123.5,19.79828
10.7,123.9,22.466368
10.7,124.8,13.144813
10.7,124.9,11.811518
10.7,125.0,13.48401
10.7,125.8,25.353134
10.6,119.4,18.748857
10.6,119.5,15.719043
10.6,119.6,16.916733
10.6,119.8,23.770298
10.6,119.9,23.913109
10.6,122.0,17.3291
10.6,122.5,18.929817
10.6,122.6,18.594833
10.6,122.7,18.417185
10.6,122.9,18.29101
10.6,123.0,15.87815
10.6,123.1,12.041666
10.6,123.2,10.397405
10.6,123.3,14.753602
10.6,123.4,20.459986
10.6,123.7,20.649677
10.6,123.8,20.424297
10.6,123.9,21.69342
10.6,124.0,22.915188
10.6,124.8,10.783141
10.6,124.9,10.127938
10.6,125.0,11.637261
10.6,125.1,14.606296
10.5,119.3,20.678965
10.5,119.4,17.713694
10.5,119.5,15.383581
10.5,119.6,17.060024
10.5,119.8,23.669653
10.5,119.9,23.066303
10.5,122.0,18.98319
10.5,122.5,19.011427
10.5,122.6,18.568186
10.5,122.7,18.528337
10.5,122.8,18.031027
10.5,122.9,18.469751
10.5,123.0,15.073082
10.5,123.1,10.771706
10.5,123.2,10.095478
10.5,123.3,13.668012
10.5,123.4,17.890774
10.5,123.8,18.807188
10.5,123.9,20.268057
10.5,124.0,23.239666
10.5,124.8,13.34618
10.5,124.9,9.750629
10.5,125.0,10.793799
10.5,125.1,12.55611
10.4,119.1,18.187782
10.4,119.2,19.164787
10.4,119.3,18.117104
10.4,119.4,16.191086
10.4,119.5,16.882341
10.4,122.9,17.135735
10.4,123.0,14.668386
10.4,123.1,11.117062
10.4,123.2,11.062696
10.4,123.3,14.463803
10.4,123.7,16.46872
10.4,123.8,17.29592
10.4,123.9,20.4827
10.4,124.0,22.158901
10.4,124.8,15.01557
10.4,124.9,11.599432
10.4,125.0,12.286852
10.4,125.1,12.929838
10.4,125.2,14.807664
10.4,125.6,26.061459
10.3,119.0,15.115653
10.3,119.1,15.939873
10.3,119.2,16.82267
10.3,119.3,16.876183
10.3,122.9,17.308626
10.3,123.0,14.241931
10.3,123.1,12.62556
10.3,123.2,12.71795
10.3,123.3,14.765393
10.3,123.6,18.07459
10.3,123.7,17.019398
10.3,123.8,17.941603
10.3,124.8,16.907087
10.3,124.9,13.623017
10.3,125.1,13.604636
10.3,125.2,15.13903
10.3,125.6,26.177969
10.2,118.8,18.658342
10.2,119.0,14.310915
10.2,119.1,15.297715
10.2,119.2,16.211866
10.2,122.9,15.615403
10.2,123.0,13.234035
10.2,123.1,12.512617
10.2,123.2,12.030738
10.2,123.3,13.206482
10.2,123.6,16.900837
10.2,123.7,16.83492
10.2,124.9,16.325748
10.2,125.6,25.815285
10.1,118.9,17.967125
10.1,119.0,16.032005
10.1,119.1,16.641565
10.1,119.2,17.381832
10.1,122.9,13.603304
10.1,123.0,12.085705
10.1,123.1,11.637257
10.1,123.2,11.29375
10.1,123.5,14.884833
10.1,123.6,15.090941
10.1,124.2,18.34408
10.1,124.3,18.926779
10.1,124.4,20.72028
10.1,125.2,21.327892
10.1,125.6,24.659435
10.0,118.8,16.52739
10.0,118.9,19.274569
10.0,119.0,18.659
10.0,119.1,19.475994
10.0,122.8,14.045774
10.0,122.9,12.196147
10.0,123.0,11.844222
10.0,123.1,11.575945
10.0,123.2,12.053804
10.0,123.4,11.676433
10.0,123.5,13.8278885
10.0,123.6,14.992466
10.0,124.1,14.66294
10.0,124.2,15.255931
10.0,124.3,15.918013
10.0,124.4,17.883955
10.0,124.5,21.42035
10.0,125.2,23.46549
10.0,125.6,23.783346
9.9,118.6,12.911969
9.9,118.7,13.028955
9.9,122.4,19.045874
9.9,122.5,17.508327
9.9,122.6,16.60991
9.9,122.7,15.207115
9.9,122.8,13.491555
9.9,122.9,12.564841
9.9,123.0,12.819153
9.9,123.1,13.190151
9.9,123.4,12.848749
9.9,123.5,13.296586
9.9,123.6,15.141757
9.9,123.9,16.6809
9.9,124.0,14.9731245
9.9,124.1,13.751908
9.9,124.2,13.054021
9.9,124.3,14.253156
9.9,124.4,16.928793
9.9,124.5,19.95367
9.9,125.6,20.365778
9.9,126.0,24.897335
9.8,118.6,12.160848
9.8,118.7,11.2040205
9.8,122.5,16.75961
9.8,122.6,15.583269
9.8,122.7,14.218207
9.8,122.8,13.2380295
9.8,122.9,13.186411
9.8,123.0,13.864098
9.8,123.1,14.836754
9.8,123.4,13.055495
9.8,123.5,12.183123
9.8,123.9,16.742867
9.8,124.0,14.421787
9.8,124.1,13.205194
9.8,124.2,12.540516
9.8,124.3,13.316547
9.8,124.4,15.931438
9.8,124.5,20.665192
9.8,126.0,24.534338
9.8,126.1,23.699602
9.7,118.4,14.23186
9.7,118.5,12.781948
9.7,118.6,11.025066
9.7,118.7,10.126095
9.7,122.5,17.093626
9.7,122.6,14.945531
9.7,122.7,13.933849
9.7,122.8,13.905181
9.7,122.9,14.429397
9.7,123.0,15.070049
9.7,123.1,16.314962
9.7,123.4,13.91188
9.7,123.9,17.144464
9.7,124.0,15.626794
9.7,124.1,14.362763
9.7,124.2,13.309145
9.7,124.3,13.080657
9.7,124.4,15.471264
9.7,125.5,15.501648
9.6,118.4,12.32888
9.6,118.5,10.56528
9.6,118.6,9.170684
9.6,118.7,9.584844
9.6,122.5,16.53112
9.6,122.6,16.413937
9.6,122.7,14.728916
9.6,122.8,13.793151
9.6,122.9,14.632242
9.6,123.0,15.245918
9.6,123.1,15.573086
9.6,123.3,15.444955
9.6,123.4,13.99096
9.6,123.8,19.027565
9.6,125.4,17.302475
9.6,125.5,14.768481
9.6,125.6,14.030147
9.6,125.7,15.027106
9.5,118.3,11.196824
9.5,118.4,9.815504
9.5,118.5,8.382636
9.5,118.6,8.713371
9.5,122.6,19.083633
9.5,122.7,17.454266
9.5,122.8,15.34297
9.5,122.9,15.182276
9.5,123.0,14.861394
9.5,123.1,13.7924
9.5,123.4,15.309675
9.5,125.5,17.59363
9.5,125.6,14.196237
9.5,125.7,13.52359
9.5,125.8,13.609207
9.4,118.2,11.132216
9.4,118.3,9.48828
9.4,118.4,8.167147
9.4,118.5,8.675762
9.4,122.8,18.089489
9.4,122.9,15.912224
9.4,123.0,14.311856
9.4,123.1,12.56809
9.4,123.2,11.687957
9.4,125.6,15.844827
9.4,125.7,12.378795
9.4,125.8,11.394784
9.4,125.9,11.813993
9.3,118.1,11.66811
9.3,118.2,10.062869
9.3,118.3,8.771289
9.3,118.4,9.108914
9.3,122.9,16.509428
9.3,123.0,14.385888
9.3,123.1,12.345016
9.3,123.2,11.002574
9.3,123.3,11.812147
9.3,125.6,14.432728
9.3,125.7,10.236194
9.3,125.8,9.529258
9.3,125.9,10.141729
9.2,117.9,8.949892
9.2,118.0,10.247418
9.2,118.1,10.29658
9.2,118.2,9.565686
9.2,122.9,16.76028
9.2,123.0,14.75155
9.2,123.1,12.49811
9.2,123.2,10.993582
9.2,123.5,15.3600855
9.2,123.6,15.17848
9.2,124.7,22.343039
9.2,124.8,22.186697
9.2,125.6,12.140248
9.2,125.7,7.810488
9.2,125.8,7.57365
9.2,125.9,8.451402
9.2,126.0,10.092303
9.2,126.1,12.950338
9.1,117.8,7.821699
9.1,117.9,7.2575817
9.1,118.0,7.6031384
9.1,123.0,15.139077
9.1,123.1,12.827379
9.1,123.6,15.328107
9.1,125.6,10.019313
9.1,125.7,6.78728
9.1,125.8,6.5647354
9.1,125.9,7.5193014
9.1,126.0,8.264899
9.1,126.1,11.007004
9.0,117.6,9.162963
9.0,117.7,8.562489
9.0,117.8,6.706424
9.0,117.9,5.7598476
9.0,118.0,6.1601605
9.0,125.3,8.637977
9.0,125.4,9.0152025
9.0,125.6,9.892884
9.0,125.7,6.569006
9.0,125.8,6.420797
9.0,125.9,6.911438
9.0,126.0,7.376456
9.0,126.1,9.349782
9.0,126.2,12.198491
8.9,117.5,8.990458
8.9,117.6,7.5882683
8.9,117.7,6.272728
8.9,117.8,5.0950427
8.9,117.9,4.5802007
8.9,118.0,5.8198037
8.9,124.8,12.574523
8.9,124.9,10.759007
8.9,125.0,9.385333
8.9,125.2,5.413057
8.9,125.3,5.6084237
8.9,125.4,6.6855454
8.9,125.5,6.9274387
8.9,125.6,7.0203943
8.9,125.7,6.578726
8.9,125.8,5.9066
8.9,125.9,6.012679
8.9,126.0,6.468061
8.9,126.1,8.261829
8.9,126.2,10.450326
8.9,126.3,12.757434
8.8,117.5,9.078546
8.8,117.6,7.3879795
8.8,117.7,5.599787
8.8,117.8,4.8689294
8.8,117.9,4.9854217
8.8,124.9,8.402611
8.8,125.0,6.9263544
8.8,125.1,5.5655694
8.8,125.2,4.6963887
8.8,125.3,4.2093854
8.8,125.4,4.8541236
8.8,125.5,5.182642
8.8,125.6,5.3454676
8.8,125.7,5.774424
8.8,125.8,5.805848
8.8,125.9,5.952498
8.8,126.0,6.4280624
8.8,126.1,8.200439
8.8,126.2,10.341344
8.8,126.3,11.610938
8.7,117.4,10.641976
8.7,117.5,10.0573635
8.7,117.6,8.380024
8.7,123.5,11.5807705
8.7,124.8,10.362853
8.7,124.9,7.989907
8.7,125.0,6.496126
8.7,125.1,5.360369
8.7,125.2,4.6065717
8.7,125.3,4.432228
8.7,125.4,4.6007013
8.7,125.5,4.9997263
8.7,125.6,5.4302254
8.7,125.7,6.0276494
8.7,125.8,6.313382
8.7,125.9,6.6438155
8.7,126.0,7.099281
8.7,126.1,8.944321
8.6,117.4,9.446027
8.6,117.5,10.392633
8.6,123.4,10.186467
8.6,123.5,9.653496
8.6,123.6,10.69869
8.6,123.7,11.962628
8.6,124.8,9.852325
8.6,124.9,7.7773476
8.6,125.0,6.35978
8.6,125.1,5.2109275
8.6,125.2,4.4475107
8.6,125.3,4.560593
8.6,125.4,4.9312587
8.6,125.5,5.259346
8.6,125.6,5.769219
8.6,125.7,6.408222
8.6,125.8,6.6525116
8.6,125.9,7.068024
8.6,126.0,7.6977024
8.6,126.1,9.438881
8.5,117.2,10.0988
8.5,117.3,8.933258
8.5,117.4,9.267668
8.5,123.1,13.483587
8.5,123.3,9.104604
8.5,123.4,7.5523577
8.5,123.5,6.950333
8.5,123.6,8.169325
8.5,123.7,9.289162
8.5,123.8,9.544835
8.5,124.3,10.961155
8.5,124.4,12.329667
8.5,124.5,12.703397
8.5,124.7,8.637537
8.5,124.8,7.469122
8.5,124.9,7.0211806
8.5,125.0,6.0287867
8.5,125.1,4.8616686
8.5,125.2,4.0974116
8.5,125.3,4.250427
8.5,125.4,4.8483534
8.5,125.5,5.3954215
8.5,125.6,5.8629684
8.5,125.7,6.4339156
8.5,125.8,6.7631235
8.5,125.9,7.2398534
8.5,126.0,7.386347
8.5,126.1,8.111682
8.5,126.2,10.066746
8.5,126.3,11.788401
8.4,123.1,11.772424
8.4,123.2,9.745244
8.4,123.3,8.067917
8.4,123.4,6.4053745
8.4,123.5,5.1955175
8.4,123.6,5.5797315
8.4,123.7,6.363534
8.4,123.8,7.6208105
8.4,124.3,8.41422
8.4,124.4,8.816214
8.4,124.5,9.311181
8.4,124.6,9.291826
8.4,124.7,7.0112176
8.4,124.8,6.3334274
8.4,124.9,5.953191
8.4,125.0,5.3577585
8.4,125.1,4.4114256
8.4,125.2,3.651795
8.4,125.3,3.952885
8.4,125.4,4.782628
8.4,125.5,5.4153304
8.4,125.6,5.874648
8.4,125.7,6.344703
8.4,125.8,6.844048
8.4,125.9,6.9116096
8.4,126.0,6.712924
8.4,126.1,7.021028
8.4,126.2,7.9170456
8.4,126.3,9.507069
8.3,117.3,12.081224
8.3,123.0,11.091994
8.3,123.1,9.691393
8.3,123.2,7.7019258
8.3,123.3,5.991487
8.3,123.4,5.008995
8.3,123.5,5.0670247
8.3,123.6,5.276483
8.3,123.7,5.9447618
8.3,123.8,6.8429413
8.3,124.3,6.520179
8.3,124.4,6.2488837
8.3,124.5,6.3488765
8.3,124.6,6.633212
8.3,124.7,5.811449
8.3,124.8,5.5183086
8.3,124.9,5.2631516
8.3,125.0,4.5669475
8.3,125.1,3.9313426
8.3,125.2,3.5894825
8.3,125.3,4.1242533
8.3,125.4,4.82269
8.3,125.5,5.407815
8.3,125.6,5.894821
8.3,125.7,6.4320745
8.3,125.8,6.5442944
8.3,125.9,6.344572
8.3,126.0,6.1885514
8.3,126.1,6.445465
8.3,126.2,6.7679424
8.3,126.3,7.49307
8.2,123.0,9.88379
8.2,123.1,8.068793
8.2,123.2,6.0874605
8.2,123.3,4.826245
8.2,123.4,4.6822495
8.2,123.5,4.8841925
8.2,123.6,5.1163874
8.2,123.7,5.6386247
8.2,123.8,6.3028812
8.2,124.1,7.3940616
8.2,124.2,6.7866573
8.2,124.3,5.9522457
8.2,124.4,5.687392
8.2,124.5,5.6006694
8.2,124.6,5.677515
8.2,124.7,5.078383
8.2,124.8,4.7198358
8.2,124.9,4.3970394
8.2,125.0,3.75485
8.2,125.1,3.396339
8.2,125.2,3.625229
8.2,125.3,4.127035
8.2,125.4,4.775436
8.2,125.5,5.336352
8.2,125.6,5.7678843
8.2,125.7,6.1338367
8.2,125.8,6.080115
8.2,125.9,5.8742237
8.2,126.0,5.825924
8.2,126.1,6.102342
8.2,126.2,6.1625633
8.2,126.3,6.220913
8.2,126.4,7.4197283
8.1,117.0,12.666204
8.1,122.8,8.473354
8.1,122.9,8.189452
8.1,123.0,7.473005
8.1,123.1,6.4002037
8.1,123.2,4.706979
8.1,123.3,4.3939824
8.1,123.4,4.767869
8.1,123.5,5.2366714
8.1,123.6,5.2003565
8.1,123.7,5.4107175
8.1,123.8,5.7568064
8.1,124.0,6.047719
8.1,124.1,6.4694734
8.1,124.2,6.645826
8.1,124.3,6.0382695
8.1,124.4,5.591827
8.1,124.5,5.3724065
8.1,124.6,5.248084
8.1,124.7,4.609238
8.1,124.8,3.9962492
8.1,124.9,3.7681599
8.1,125.0,3.2461138
8.1,125.1,3.2576034
8.1,125.2,3.5437198
8.1,125.3,4.1240582
8.1,125.4,4.774917
8.1,125.5,5.2290406
8.1,125.6,5.4654183
8.1,125.7,5.924656
8.1,125.8,5.8533792
8.1,125.9,5.6360383
8.1,126.0,5.5747037
8.1,126.1,5.715396
8.1,126.2,5.097991
8.1,126.3,5.12587
8.1,126.4,6.986926
8.0,117.0,12.473306
8.0,122.3,9.332873
8.0,122.4,8.259886
8.0,122.5,7.622952
8.0,122.6,7.1552844
8.0,122.7,6.8426194
8.0,122.8,6.44135
8.0,122.9,6.062309
8.0,123.0,5.427365
8.0,123.1,4.7863793
8.0,123.2,4.4035444
8.0,123.3,4.7310696
8.0,123.4,5.2598634
8.0,123.5,5.8475847
8.0,123.6,5.8313704
8.0,123.7,5.783458
8.0,123.8,5.2148094
8.0,123.9,4.6924806
8.0,124.0,5.240357
8.0,124.1,5.6477985
8.0,124.2,5.799256
8.0,124.3,5.8213367
8.0,124.4,5.600346
8.0,124.5,5.375692
8.0,124.6,5.16412
8.0,124.7,4.3087234
8.0,124.8,3.5943208
8.0,124.9,3.2108345
8.0,125.0,3.2816727
8.0,125.1,3.467371
8.0,125.2,3.8350165
8.0,125.3,4.3934326
8.0,125.4,4.838843
8.0,125.5,4.905397
8.0,125.6,5.216588
8.0,125.7,5.6446624
8.0,125.8,5.6138296
8.0,125.9,5.384416
8.0,126.0,5.1275063
8.0,126.1,4.5685406
8.0,126.2,4.010658
8.0,126.3,3.9405951
7.9,117.0,12.074639
7.9,122.3,8.9241295
7.9,122.4,7.582317
7.9,122.5,7.0514174
7.9,122.6,7.1991954
7.9,122.7,6.712756
7.9,122.8,6.095723
7.9,122.9,5.6544824
7.9,123.0,5.0732036
7.9,123.1,4.6128035
7.9,123.2,4.995412
7.9,123.3,6.233852
7.9,123.4,6.9089575
7.9,123.5,7.4018145
7.9,123.6,7.3812647
7.9,123.7,7.3797665
7.9,123.8,6.1236176
7.9,123.9,4.497353
7.9,124.0,4.846847
7.9,124.1,5.2047706
7.9,124.2,5.267674
7.9,124.3,5.179144
7.9,124.4,5.293774
7.9,124.5,5.119263
7.9,124.6,4.8118515
7.9,124.7,4.125357
7.9,124.8,3.5580409
7.9,124.9,3.6056492
7.9,125.0,3.856644
7.9,125.1,4.088042
7.9,125.2,4.4511957
7.9,125.3,4.9776506
7.9,125.4,4.844689
7.9,125.5,4.449373
7.9,125.6,4.571188
7.9,125.7,5.099656
7.9,125.8,5.026485
7.9,125.9,4.9538383
7.9,126.0,5.069767
7.9,126.1,4.185699
7.9,126.2,3.377895
7.9,126.3,3.4151106
7.8,122.1,12.362227
7.8,122.2,10.529086
7.8,122.3,8.567524
7.8,122.4,7.4161143
7.8,122.5,7.416014
7.8,122.6,7.854691
7.8,122.7,7.176823
7.8,122.8,6.287656
7.8,122.9,5.619632
7.8,123.0,5.2621613
7.8,123.1,5.2703376
7.8,123.2,5.596023
7.8,123.3,7.121493
7.8,123.4,8.743178
7.8,123.7,8.466448
7.8,123.8,7.8268147
7.8,123.9,5.507429
7.8,124.0,4.6050797
7.8,124.1,4.7743654
7.8,124.2,4.6741705
7.8,124.3,4.5247655
7.8,124.4,4.6042147
7.8,124.5,4.7754755
7.8,124.6,4.7878175
7.8,124.7,4.201955
7.8,124.8,3.9753265
7.8,124.9,4.054303
7.8,125.0,4.4203305
7.8,125.1,4.766012
7.8,125.2,5.1620874
7.8,125.3,4.995441
7.8,125.4,4.5378656
7.8,125.5,4.1100087
7.8,125.6,4.00749
7.8,125.7,4.4608474
7.8,125.8,4.5486255
7.8,125.9,4.803187
7.8,126.0,5.0002856
7.8,126.1,4.1416345
7.8,126.2,3.172323
7.8,126.3,2.8545387
7.8,126.4,4.1879673
7.7,122.2,10.207007
7.7,122.3,8.087294
7.7,122.4,7.7845607
7.7,122.5,8.065113
7.7,122.9,6.1622114
7.7,123.0,6.1245346
7.7,123.1,6.207805
7.7,123.2,6.728918
7.7,123.3,8.084061
7.7,123.4,9.862671
7.7,123.5,10.904917
7.7,123.9,6.242098
7.7,124.0,5.4856415
7.7,124.1,4.658898
7.7,124.2,4.3311577
7.7,124.3,4.100596
7.7,124.4,4.22981
7.7,124.5,4.5367804
7.7,124.6,4.726426
7.7,124.7,4.4328184
7.7,124.8,4.349685
7.7,124.9,4.5088754
7.7,125.0,4.819549
7.7,125.1,5.1505876
7.7,125.2,5.0170207
7.7,125.3,4.569463
7.7,125.4,4.1205325
7.7,125.5,3.670642
7.7,125.6,3.529186
7.7,125.7,3.9503312
7.7,125.8,4.17919
7.7,125.9,4.495721
7.7,126.0,4.8655915
7.7,126.1,3.825571
7.7,126.2,2.8111289
7.7,126.3,2.4698691
7.7,126.4,3.202098
7.7,126.5,5.4061074
7.6,122.2,9.295544
7.6,122.3,7.950585
7.6,122.4,8.085078
7.6,122.9,7.7929187
7.6,123.0,7.4256673
7.6,123.2,8.209862
7.6,123.3,9.486655
7.6,123.4,10.628149
7.6,124.1,5.705254
7.6,124.2,4.6815453
7.6,124.3,4.543317
7.6,124.4,4.7721505
7.6,124.5,4.928603
7.6,124.6,4.638956
7.6,124.7,4.45875
7.6,124.8,4.454419
7.6,124.9,4.6547823
7.6,125.0,4.8452606
7.6,125.1,4.750328
7.6,125.2,4.3205605
7.6,125.3,3.88476
7.6,125.4,3.4606476
7.6,125.5,2.9681954
7.6,125.6,3.0403314
7.6,125.7,3.830488
7.6,125.8,3.7170756
7.6,125.9,3.653174
7.6,126.0,3.7531493
7.6,126.1,2.8777192
7.6,126.2,2.032141
7.6,126.3,1.9061352
7.6,126.4,2.8914506
7.6,126.5,4.449661
7.5,122.1,10.431331
7.5,122.2,9.142062
7.5,122.3,8.041703
7.5,123.3,10.57842
7.5,123.4,11.164806
7.5,124.2,6.0485086
7.5,124.3,5.1768246
7.5,124.4,5.2006145
7.5,124.5,4.9000177
7.5,124.6,4.6026506
7.5,124.7,4.4685664
7.5,124.8,4.536319
7.5,124.9,4.791983
7.5,125.0,4.564913
7.5,125.1,4.2036643
7.5,125.2,3.8120935
7.5,125.3,3.31862
7.5,125.4,2.842141
7.5,125.5,2.4451482
7.5,125.6,2.8229418
7.5,125.7,3.7238395
7.5,125.8,3.6496866
7.5,125.9,3.1532564
7.5,126.0,2.9194393
7.5,126.1,2.146134
7.5,126.2,1.4722105
7.5,126.3,1.3331232
7.5,126.4,2.4090958
7.5,126.5,3.7853026
7.5,126.6,5.544421
7.4,122.1,9.793658
7.4,122.2,9.095514
7.4,122.3,8.143924
7.4,122.8,10.465285
7.4,123.4,11.191869
7.4,124.2,7.096259
7.4,124.3,5.694627
7.4,124.4,5.0466003
7.4,124.5,4.7165933
7.4,124.6,4.412905
7.4,124.7,4.2646265
7.4,124.8,4.332633
7.4,124.9,4.4059577
7.4,125.0,4.066431
7.4,125.1,3.761218
7.4,125.2,3.4217474
7.4,125.3,2.950301
7.4,125.4,2.5124207
7.4,125.5,2.2464685
7.4,125.6,3.11987
7.4,125.7,4.2227526
7.4,125.8,3.812761
7.4,125.9,3.3142476
7.4,126.0,2.5550308
7.4,126.1,2.1036994
7.4,126.2,1.6616751
7.4,126.3,1.606967
7.4,126.4,2.7573402
7.4,126.5,4.1508875
7.3,116.9,10.391621
7.3,117.1,10.984659
7.3,117.2,11.086559
7.3,122.1,8.220172
7.3,122.2,8.68192
7.3,124.2,6.6900845
7.3,124.3,5.4187207
7.3,124.4,4.8047166
7.3,124.5,4.4105077
7.3,124.6,4.0708447
7.3,124.7,3.8340535
7.3,124.8,3.7740548
7.3,124.9,3.7845345
7.3,125.0,3.594344
7.3,125.1,3.3896863
7.3,125.2,3.0882325
7.3,125.3,2.6534908
7.3,125.4,2.2790868
7.3,125.5,2.6506314
7.3,125.6,3.8396356
7.3,125.7,4.762864
7.3,125.9,3.8004034
7.3,126.0,2.6932356
7.3,126.1,2.2890797
7.3,126.2,2.3648453
7.3,126.3,2.2659338
7.3,126.4,3.4165387
7.3,126.5,5.2906294
7.3,126.6,7.4562364
7.2,117.1,11.174786
7.2,117.2,11.248425
7.2,122.0,7.666789
7.2,122.1,7.2282057
7.2,122.2,7.820107
7.2,124.2,6.797583
7.2,124.3,5.314303
7.2,124.4,4.597364
7.2,124.5,4.169369
7.2,124.6,3.8311863
7.2,124.7,3.538078
7.2,124.8,3.563382
7.2,124.9,3.676946
7.2,125.0,3.4122446
7.2,125.1,3.1641314
7.2,125.2,3.0165966
7.2,125.3,2.4354286
7.2,125.4,2.0653043
7.2,125.5,3.0282257
7.2,125.6,4.33307
7.2,126.0,3.0779064
7.2,126.1,2.5549827
7.2,126.2,2.555679
7.2,126.3,3.1000032
7.2,126.4,4.897065
7.2,126.5,7.256171
7.1,122.0,7.692185
7.1,122.1,7.2069
7.1,122.2,7.518213
7.1,124.1,7.814135
7.1,124.2,6.1921315
7.1,124.3,4.59096
7.1,124.4,3.9870887
7.1,124.5,3.586265
7.1,124.6,3.4015772
7.1,124.7,3.0267134
7.1,124.8,2.8773885
7.1,124.9,2.912621
7.1,125.0,2.6799304
7.1,125.1,2.7707992
7.1,125.2,2.8993175
7.1,125.3,2.5419729
7.1,125.4,2.0086844
7.1,125.5,3.0482435
7.1,125.6,4.266155
7.1,125.7,6.0320907
7.1,125.9,4.3788476
7.1,126.0,3.6479816
7.1,126.1,3.1794384
7.1,126.2,3.2916892
7.1,126.3,4.1430926
7.1,126.4,6.0824933
7.0,117.1,9.68567
7.0,122.0,8.658268
7.0,122.1,8.086189
7.0,122.2,8.587769
7.0,124.0,6.775346
7.0,124.1,6.1420903
7.0,124.2,5.2222013
7.0,124.3,3.8561234
7.0,124.4,3.15791
7.0,124.5,2.6449609
7.0,124.6,2.37485
7.0,124.7,2.1198678
7.0,124.8,1.8219341
7.0,124.9,1.7332922
7.0,125.0,1.5276371
7.0,125.1,2.1498954
7.0,125.2,2.6097074
7.0,125.3,2.6803389
7.0,125.4,2.2029052
7.0,125.5,2.481199
7.0,125.8,6.310054
7.0,126.0,4.439796
7.0,126.1,4.336576
7.0,126.2,4.628921
7.0,126.3,5.43
6.9,116.7,5.4973674
6.9,116.8,6.4310846
6.9,117.1,9.453366
6.9,117.2,10.488326
6.9,122.1,8.885095
6.9,124.0,5.6532106
6.9,124.1,4.6969833
6.9,124.2,3.9312015
6.9,124.3,3.023006
6.9,124.4,2.338096
6.9,124.5,1.7730436
6.9,124.6,1.7699637
6.9,124.7,1.8261831
6.9,124.8,1.9339336
6.9,124.9,1.9537967
6.9,125.0,1.5833646
6.9,125.1,1.8668122
6.9,125.2,2.3131924
6.9,125.3,2.362835
6.9,125.4,2.342867
6.9,126.1,5.6086755
6.9,126.3,6.7168956
6.8,116.7,5.1581054
6.8,116.8,5.942814
6.8,117.1,7.966498
6.8,117.2,8.812563
6.8,124.1,4.7457604
6.8,124.2,3.8258872
6.8,124.3,3.041272
6.8,124.4,2.2554212
6.8,124.5,1.5608078
6.8,124.6,1.571961
6.8,124.7,1.6463754
6.8,124.8,1.748542
6.8,124.9,1.9233369
6.8,125.0,1.4136626
6.8,125.1,1.7399507
6.8,125.2,2.1764374
6.8,125.3,2.2269354
6.8,125.4,2.338861
6.8,126.1,6.751661
6.8,126.2,7.213738
6.7,116.7,4.6444817
6.7,116.8,5.561129
6.7,117.0,5.816454
6.7,117.1,6.20631
6.7,117.2,6.668765
6.7,117.4,7.915952
6.7,117.5,9.130498
6.7,122.0,7.6854362
6.7,122.1,7.2585754
6.7,124.1,5.276459
6.7,124.2,4.0379295
6.7,124.3,3.4246168
6.7,124.4,2.609891
6.7,124.5,1.7873331
6.7,124.6,1.3231478
6.7,124.7,1.3630509
6.7,124.8,1.5897177
6.7,124.9,1.8653415
6.7,125.0,1.6241559
6.7,125.1,1.7273198
6.7,125.2,2.1112607
6.7,125.3,2.2446375
6.7,126.1,7.6842904
6.7,126.2,8.615661
6.6,116.6,5.046067
6.6,116.7,4.2492676
6.6,116.8,3.9381459
6.6,116.9,4.1992517
6.6,117.0,4.3682656
6.6,117.1,4.72815
6.6,117.2,5.132867
6.6,117.3,5.0767794
6.6,117.5,7.6330767
6.6,121.9,8.723346
6.6,122.0,7.579486
6.6,122.1,6.997959
6.6,122.2,7.3811913
6.6,124.1,5.736636
6.6,124.2,4.3496394
6.6,124.3,3.6673083
6.6,124.4,2.846725
6.6,124.5,1.9817048
6.6,124.6,1.5430996
6.6,124.7,1.0904517
6.6,124.8,1.4522885
6.6,124.9,1.6991833
6.6,125.0,1.7154127
6.6,125.1,2.0417464
6.6,125.2,2.0862732
6.6,125.3,2.3169367
6.6,126.1,9.39997
6.6,126.2,10.015749
6.5,116.5,5.0937996
6.5,116.6,4.112688
6.5,116.7,3.55069
6.5,116.8,3.4366338
6.5,116.9,3.4457412
6.5,117.0,3.5708418
6.5,117.1,3.923599
6.5,117.2,4.203196
6.5,117.3,4.1549244
6.5,117.4,4.668352
6.5,117.5,6.0099645
6.5,122.0,8.269155
6.5,122.1,7.652783
6.5,122.2,7.923514
6.5,124.1,5.59716
6.5,124.2,4.2803707
6.5,124.3,3.37883
6.5,124.4,2.600902
6.5,124.5,1.9106978
6.5,124.6,1.8023455
6.5,124.7,1.4148941
6.5,124.8,1.2706096
6.5,124.9,1.4651328
6.5,125.0,1.7866533
6.5,125.1,2.1566389
6.5,125.2,2.1552083
6.5,125.3,2.3594851
6.5,125.4,2.6063569
6.5,125.5,2.6215107
6.5,125.6,3.1069958
6.5,126.2,10.481711
6.4,116.5,3.8987858
6.4,116.6,3.2168198
6.4,116.7,2.8790271
6.4,116.8,2.8072135
6.4,116.9,2.7954323
6.4,117.0,2.878129
6.4,117.1,3.0610437
6.4,117.2,2.967032
6.4,117.3,2.9849849
6.4,117.4,3.4643972
6.4,117.5,3.9743485
6.4,117.6,5.0356207
6.4,117.7,6.24504
6.4,122.0,9.042246
6.4,124.1,5.1814556
6.4,124.2,4.0494256
6.4,124.3,3.3076727
6.4,124.4,2.7729006
6.4,124.5,2.1573963
6.4,124.6,2.1176403
6.4,124.7,1.7843688
6.4,124.8,1.4134381
6.4,124.9,1.5307478
6.4,125.0,1.8994588
6.4,125.1,2.3079093
6.4,125.2,2.3009436
6.4,125.3,2.4185505
6.4,125.4,2.6861484
6.4,125.5,2.7728317
6.3,116.3,4.1751924
6.3,116.4,3.4681456
6.3,116.5,3.0506897
6.3,116.6,2.61352
6.3,116.7,2.3684447
6.3,116.8,2.3242812
6.3,116.9,2.3157244
6.3,117.0,2.2837305
6.3,117.1,2.3161955
6.3,117.2,2.3520026
6.3,117.3,2.5160592
6.3,117.4,2.9206107
6.3,117.5,3.3962882
6.3,117.6,4.075971
6.3,117.7,5.240785
6.3,120.6,11.174761
6.3,124.2,5.014546
6.3,124.3,4.077083
6.3,124.4,3.316134
6.3,124.5,2.669184
6.3,124.6,2.38292
6.3,124.7,2.0242722
6.3,124.8,1.8255649
6.3,124.9,1.5955107
6.3,125.0,2.0288851
6.3,125.1,2.4336615
6.3,125.2,2.4887755
6.3,125.3,2.5792851
6.3,125.4,2.7992218
6.3,125.5,3.4504266
6.3,125.6,4.688875
6.2,116.3,3.2442758
6.2,116.4,2.7748835
6.2,116.5,2.5208335
6.2,116.6,2.2522285
6.2,116.7,2.0122395
6.2,116.8,1.9770728
6.2,116.9,1.839046
6.2,117.0,1.9311403
6.2,117.1,2.0237474
6.2,117.2,2.1076195
6.2,117.3,2.295634
6.2,117.4,2.6928978
6.2,117.5,3.0741856
6.2,117.6,3.8496554
6.2,124.3,5.131815
6.2,124.4,4.4239306
6.2,124.5,3.5832608
6.2,124.6,3.058013
6.2,124.7,2.82895
6.2,124.8,2.467687
6.2,124.9,1.9664208
6.2,125.0,2.1167
6.2,125.1,2.5364015
6.2,125.2,2.7933881
6.2,125.3,2.8672686
6.2,125.4,2.9731894
6.2,125.5,4.2093444
6.2,125.6,6.0430923
6.2,125.7,6.6895766
6.1,116.2,3.0018423
6.1,116.3,2.5241418
6.1,116.4,2.19491
6.1,116.5,1.9896184
6.1,116.6,1.8270674
6.1,116.7,1.7868013
6.1,116.8,1.6820735
6.1,116.9,1.4959707
6.1,117.0,1.6706288
6.1,117.1,1.810586
6.1,117.2,1.939841
6.1,117.3,2.139673
6.1,117.4,2.4533627
6.1,117.5,2.7861493
6.1,117.6,3.298432
6.1,121.0,10.246764
6.1,121.1,10.311345
6.1,124.5,4.770937
6.1,124.6,4.004627
6.1,124.7,3.509523
6.1,124.8,2.9049523
6.1,124.9,2.4489508
6.1,125.0,2.5993993
6.1,125.1,3.0665135
6.1,125.3,3.2704968
6.1,125.4,3.3226683
6.1,125.5,4.590353
6.1,125.6,6.806713
6.1,125.7,8.886501
6.0,116.1,3.1099052
6.0,116.2,2.477588
6.0,116.3,2.1566858
6.0,116.4,2.0348663
6.0,116.5,1.8722091
6.0,116.6,1.7663046
6.0,116.7,1.821675
6.0,116.8,1.3975465
6.0,116.9,1.3641481
6.0,117.0,1.5243798
6.0,117.1,1.6943381
6.0,117.2,1.8432328
6.0,117.3,2.0212045
6.0,117.4,2.2130866
6.0,117.5,2.538995
6.0,117.6,3.3040261
6.0,118.0,6.420982
6.0,120.9,10.050349
6.0,121.0,10.112493
6.0,121.1,10.230432
6.0,121.4,10.148985
6.0,124.6,5.1799803
6.0,124.7,4.7593827
6.0,124.8,4.410734
6.0,124.9,3.9731364
6.0,125.0,4.0403337
6.0,125.1,4.179784
6.0,125.4,3.7994776
6.0,125.5,5.1333046
6.0,125.6,7.267683
5.9,116.1,2.7164543
5.9,116.2,2.0409408
5.9,116.3,2.0746226
5.9,116.4,1.9701705
5.9,116.5,1.9655493
5.9,116.6,1.9673573
5.9,116.7,1.906418
5.9,116.8,1.3773944
5.9,116.9,1.1956916
5.9,117.0,1.4079835
5.9,117.1,1.5933377
5.9,117.2,1.8078691
5.9,117.3,2.0363865
5.9,117.4,2.120878
5.9,117.5,2.317089
5.9,117.6,3.038686
5.9,117.7,4.163702
5.9,117.8,4.89894
5.9,117.9,5.073445
5.9,118.0,5.043707
5.9,118.1,4.9871545
5.9,120.9,10.078762
5.9,124.8,6.2035522
5.9,124.9,6.9603677
5.9,125.0,6.982404
5.9,125.1,6.5171566
5.9,125.2,6.4292364
5.9,125.3,5.0685897
5.9,125.4,4.856247
5.9,125.5,5.93537
5.9,125.6,7.9079566
5.8,116.1,2.4926007
5.8,116.2,2.0193353
5.8,116.3,1.8217794
5.8,116.4,2.0952034
5.8,116.5,2.1912537
5.8,116.6,2.0849643
5.8,116.7,2.0370553
5.8,116.8,1.5160896
5.8,116.9,1.1981424
5.8,117.0,1.4161232
5.8,117.1,1.6260471
5.8,117.2,1.8241743
5.8,117.3,2.0352166
5.8,117.4,2.1131997
5.8,117.5,2.2263272
5.8,117.6,2.7239413
5.8,117.7,3.3383245
5.8,117.8,3.8298662
5.8,117.9,4.0388565
5.8,118.0,4.0372314
5.8,118.2,4.3705664
5.8,118.3,4.5569654
5.8,118.4,4.758525
5.8,125.3,7.1315103
5.8,125.4,6.052158
5.8,125.5,6.7087226
5.7,116.0,3.5812979
5.7,116.1,2.3738205
5.7,116.2,1.9176769
5.7,116.3,1.9752637
5.7,116.4,2.2485912
5.7,116.5,2.1335685
5.7,116.6,2.023361
5.7,116.7,1.9448359
5.7,116.8,1.431887
5.7,116.9,1.2178069
5.7,117.0,1.3579273
5.7,117.1,1.5634972
5.7,117.2,1.794811
5.7,117.3,2.0322263
5.7,117.4,2.0529616
5.7,117.5,2.1195493
5.7,117.6,2.2253416
5.7,117.7,2.580211
5.7,117.8,3.07496
5.7,117.9,3.2634683
5.7,118.1,3.1893234
5.7,118.2,3.5124803
5.7,118.3,3.729805
5.7,118.4,4.018687
5.7,118.5,4.6162024
5.7,125.3,8.019832
5.7,125.4,7.361034
5.6,115.9,3.3114636
5.6,116.0,2.9092035
5.6,116.1,2.1631505
5.6,116.2,2.005486
5.6,116.3,2.2203543
5.6,116.4,2.0836008
5.6,116.5,1.9747757
5.6,116.6,1.870964
5.6,116.7,1.7220027
5.6,116.8,1.3706691
5.6,116.9,1.2576771
5.6,117.0,1.2600819
5.6,117.1,1.3493253
5.6,117.2,1.7239549
5.6,117.3,1.9297354
5.6,117.4,1.9781725
5.6,117.5,2.063968
5.6,117.6,2.1464984
5.6,117.7,2.2113876
5.6,117.8,2.481243
5.6,117.9,2.6328738
5.6,118.0,2.7386994
5.6,118.1,2.9032605
5.6,118.2,3.0141234
5.6,118.3,3.1199226
5.6,118.4,3.3940444
5.6,118.5,3.950898
5.6,118.6,4.3670964
5.6,118.7,4.5804243
5.6,125.3,8.899278
5.6,125.4,8.7057295
5.5,115.5,3.267901
5.5,115.6,3.0582411
5.5,115.7,2.7687654
5.5,115.8,2.825891
5.5,115.9,2.8503087
5.5,116.0,2.3697033
5.5,116.1,2.2268822
5.5,116.2,2.3409238
5.5,116.3,2.1540062
5.5,116.4,2.1257625
5.5,116.5,1.9639932
5.5,116.6,1.8024665
5.5,116.7,1.7273896
5.5,116.8,1.4889356
5.5,116.9,1.4618495
5.5,117.0,1.4708588
5.5,117.1,1.4728562
5.5,117.2,1.5112178
5.5,117.3,1.8489169
5.5,117.4,1.9325027
5.5,117.5,2.0162196
5.5,117.6,2.0842912
5.5,117.7,2.1360736
5.5,117.8,2.2383063
5.5,117.9,2.2653446
5.5,118.0,2.3879516
5.5,118.1,2.5581648
5.5,118.2,2.6634958
5.5,118.3,2.7427921
5.5,118.4,2.9043758
5.5,118.5,3.2325788
5.5,118.6,3.575988
5.5,118.7,4.073884
5.4,115.4,4.4816575
5.4,115.5,3.480389
5.4,115.6,2.5481398
5.4,115.7,2.2736282
5.4,115.8,2.4675038
5.4,115.9,2.4705698
5.4,116.0,2.3174226
5.4,116.1,2.492215
5.4,116.2,2.5860863
5.4,116.3,2.4809093
5.4,116.4,2.475279
5.4,116.5,2.3385704
5.4,116.6,2.2494018
5.4,116.7,2.1468282
5.4,116.8,2.0054486
5.4,116.9,1.9285698
5.4,117.0,1.9067584
5.4,117.1,1.9146856
5.4,117.2,2.002177
5.4,117.3,1.8567656
5.4,117.4,1.8242542
5.4,117.5,1.8999784
5.4,117.6,1.9634264
5.4,117.7,2.0050268
5.4,117.8,2.0836847
5.4,117.9,2.1621656
5.4,118.0,2.25493
5.4,118.1,2.427841
5.4,118.2,2.529592
5.4,118.3,2.6088274
5.4,118.4,2.6910636
5.4,118.5,2.6600409
5.4,118.6,2.929446
5.4,118.7,3.3718903
5.4,118.8,4.3585787
5.4,118.9,5.101583
5.4,119.0,5.8561015
5.4,119.1,7.175384
5.4,119.2,7.7786055
5.3,115.4,4.588847
5.3,115.5,3.292022
5.3,115.6,2.5810091
5.3,115.7,2.438444
5.3,115.8,2.3491561
5.3,115.9,2.3796175
5.3,116.0,2.589137
5.3,116.1,2.923815
5.3,116.2,3.0676162
5.3,116.3,3.0531843
5.3,116.4,3.0565822
5.3,116.5,2.9881015
5.3,116.6,2.8855577
5.3,116.7,2.7585015
5.3,116.8,2.6215405
5.3,116.9,2.4675663
5.3,117.0,2.3406663
5.3,117.1,2.4382331
5.3,117.2,2.300699
5.3,117.3,2.125331
5.3,117.4,1.9444383
5.3,117.5,1.8247228
5.3,117.6,1.8072495
5.3,117.7,1.8529215
5.3,117.8,2.0041132
5.3,117.9,2.1423202
5.3,118.0,2.234799
5.3,118.1,2.381856
5.3,118.2,2.4879854
5.3,118.3,2.5889106
5.3,118.4,2.6566281
5.3,118.5,2.5130258
5.3,118.6,2.3842905
5.3,118.7,2.8691566
5.3,118.8,3.6938906
5.3,118.9,4.1330004
5.3,119.0,4.928982
5.3,119.1,6.4216075
5.3,119.2,7.399137
5.3,120.2,9.084479
5.2,115.6,2.8559983
5.2,115.7,2.7449908
5.2,115.8,2.6340787
5.2,115.9,2.6794486
5.2,116.0,2.9848185
5.2,116.1,3.326092
5.2,116.2,3.4769635
5.2,116.3,3.4525876
5.2,116.4,3.5569174
5.2,116.5,3.4931927
5.2,116.6,3.360479
5.2,116.7,3.2331991
5.2,116.8,3.094964
5.2,116.9,2.9539511
5.2,117.0,2.8093684
5.2,117.1,2.7180028
5.2,117.2,2.544408
5.2,117.3,2.3835535
5.2,117.4,2.2036982
5.2,117.5,2.0991857
5.2,117.6,2.0351398
5.2,117.7,1.9519662
5.2,117.8,2.029385
5.2,117.9,2.1674314
5.2,118.0,2.2571585
5.2,118.1,2.3587422
5.2,118.2,2.5062625
5.2,118.3,2.6183803
5.2,118.4,2.7202425
5.2,118.5,2.5407753
5.2,118.6,2.3980706
5.2,118.7,2.6411226
5.2,118.8,2.9421597
5.2,118.9,3.1964688
5.2,119.0,3.9383922
5.2,119.1,5.475785
5.2,119.2,6.9738965
5.2,120.2,8.859492
5.1,115.6,2.7534018
5.1,115.7,2.6638527
5.1,115.8,2.6123195
5.1,115.9,2.7581
5.1,116.0,3.024167
5.1,116.1,3.361188
5.1,116.2,3.494913
5.1,116.3,3.5012953
5.1,116.4,3.6040113
5.1,116.5,3.502161
5.1,116.6,3.3331413
5.1,116.7,3.197724
5.1,116.8,3.0575495
5.1,116.9,2.928688
5.1,117.0,2.8615155
5.1,117.1,2.7917535
5.1,117.2,2.6231534
5.1,117.3,2.4522538
5.1,117.4,2.278161
5.1,117.5,2.221116
5.1,117.6,2.1502864
5.1,117.7,2.0089104
5.1,117.8,1.9987319
5.1,117.9,2.133172
5.1,118.0,2.2202725
5.1,118.1,2.2976718
5.1,118.2,2.9063218
5.1,118.3,3.3304114
5.1,118.4,3.4984994
5.1,118.5,3.347191
5.1,118.6,3.174083
5.1,118.7,3.3891137
5.1,118.8,3.9045603
5.1,118.9,4.231174
5.1,119.0,4.8788905
5.1,119.8,8.208718
5.1,119.9,8.230913
5.0,114.9,3.7134898
5.0,115.0,3.4182968
5.0,115.5,2.8645334
5.0,115.6,2.620842
5.0,115.7,2.5578475
5.0,115.8,2.6222556
5.0,115.9,2.772231
5.0,116.0,3.026727
5.0,116.1,3.3085418
5.0,116.2,3.4507153
5.0,116.3,3.469425
5.0,116.4,3.5661526
5.0,116.5,3.4548285
5.0,116.6,3.2281451
5.0,116.7,3.0708377
5.0,116.8,2.9432821
5.0,116.9,2.860752
5.0,117.0,2.802388
5.0,117.1,2.7284636
5.0,117.2,2.6371756
5.0,117.3,2.4813235
5.0,117.4,2.3933892
5.0,117.5,2.416515
5.0,117.6,2.349106
5.0,117.7,2.11216
5.0,117.8,1.966531
5.0,117.9,2.0846016
5.0,118.0,2.130321
5.0,118.1,2.3248754
5.0,118.2,3.0282435
5.0,118.3,3.9369295
5.0,118.4,4.3511815
5.0,118.5,4.610197
5.0,118.6,4.877196
5.0,118.7,5.4291472
5.0,118.8,4.956209
4.9,114.8,4.0505786
4.9,114.9,3.6164026
4.9,115.2,2.4400864
4.9,115.3,2.3477588
4.9,115.4,2.3717036
4.9,115.5,2.4456046
4.9,115.6,2.4873316
4.9,115.7,2.537218
4.9,115.8,2.6757772
4.9,115.9,2.8451958
4.9,116.0,3.067885
4.9,116.1,3.3211663
4.9,116.2,3.4214962
4.9,116.3,3.4103355
4.9,116.4,3.4913025
4.9,116.5,3.3817565
4.9,116.6,3.1408615
4.9,116.7,2.9659903
4.9,116.8,2.888458
4.9,116.9,2.8388267
4.9,117.0,2.7841108
4.9,117.1,2.711972
4.9,117.2,2.63262
4.9,117.3,2.5370655
4.9,117.4,2.5381396
4.9,117.5,2.5765872
4.9,117.6,2.5035913
4.9,117.7,2.2635942
4.9,117.8,2.03938
4.9,117.9,1.9906036
4.9,118.0,2.1784728
4.9,118.1,2.3742743
4.8,114.7,3.6276774
4.8,114.8,3.4427328
4.8,114.9,2.993974
4.8,115.0,2.761511
4.8,115.1,2.600702
4.8,115.2,2.2974951
4.8,115.3,2.2259867
4.8,115.4,2.2468522
4.8,115.5,2.323585
4.8,115.6,2.4792085
4.8,115.7,2.634197
4.8,115.8,2.8178725
4.8,115.9,2.9895458
4.8,116.0,3.1805475
4.8,116.1,3.2677932
4.8,116.2,3.2465794
4.8,116.3,3.2946455
4.8,116.4,3.2889087
4.8,116.5,3.1724365
4.8,116.6,3.0009181
4.8,116.7,2.9894946
4.8,116.8,2.9375582
4.8,116.9,2.8777905
4.8,117.0,2.825117
4.8,117.1,2.7408783
4.8,117.2,2.6102219
4.8,117.3,2.4474285
4.8,117.4,2.4938018
4.8,117.5,2.5388494
4.8,117.6,2.470399
4.8,117.7,2.2631946
4.8,117.8,2.1609485
4.8,117.9,2.132951
4.8,118.0,2.1014724
4.8,118.1,2.0668411
4.7,114.5,3.0591636
4.7,114.6,2.9330842
4.7,114.7,2.9022136
4.7,114.8,2.7605739
4.7,114.9,2.5190911
4.7,115.0,2.4109344
4.7,115.1,2.2569315
4.7,115.2,2.0956533
4.7,115.3,2.1167722
4.7,115.4,2.1962695
4.7,115.5,2.3408637
4.7,115.6,2.5263503
4.7,115.7,2.7433133
4.7,115.8,2.9479184
4.7,115.9,3.1055353
4.7,116.0,3.1266553
4.7,116.1,3.0801978
4.7,116.2,3.054226
4.7,116.3,3.1024272
4.7,116.4,3.1374812
4.7,116.5,3.067492
4.7,116.6,3.0190346
4.7,116.7,3.0513735
4.7,116.8,3.009997
4.7,116.9,2.9346807
4.7,117.0,2.8676462
4.7,117.1,2.720823
4.7,117.2,2.5195231
4.7,117.3,2.3494325
4.7,117.4,2.3520606
4.7,117.5,2.4634252
4.7,117.6,2.4539862
4.7,117.7,2.3664567
4.7,117.8,2.373534
4.7,117.9,2.3608532
4.7,118.0,2.310442
4.7,118.1,2.2795217
4.7,118.2,2.3979285
4.6,114.3,3.7199082
4.6,114.4,3.1050644
4.6,114.5,2.6538472
4.6,114.6,2.4528055
4.6,114.7,2.279513
4.6,114.8,2.3380609
4.6,114.9,2.280642
4.6,115.0,2.1888454
4.6,115.1,2.0338113
4.6,115.2,1.973778
4.6,115.3,2.0365841
4.6,115.4,2.2244136
4.6,115.5,2.3961241
4.6,115.6,2.6236255
4.6,115.7,2.8383136
4.6,115.8,3.0423236
4.6,115.9,3.056831
4.6,116.0,2.9666092
4.6,116.1,2.9251163
4.6,116.2,2.9038496
4.6,116.3,2.8857462
4.6,116.4,2.8996985
4.6,116.5,3.037203
4.6,116.6,3.080156
4.6,116.7,3.105535
4.6,116.8,3.0115235
4.6,116.9,2.9003003
4.6,117.0,2.7633147
4.6,117.1,2.5417004
4.6,117.2,2.3188233
4.6,117.3,2.1599834
4.6,117.4,2.214536
4.6,117.5,2.3579085
4.6,117.6,2.4519582
4.6,117.7,2.4815373
4.6,117.8,2.5211911
4.6,117.9,2.5212777
4.6,118.0,2.4845517
4.6,118.1,2.4788558
4.6,118.2,2.5590098
4.6,118.3,2.8812819
4.6,118.4,3.3821664
4.6,118.5,4.48823
4.5,114.1,4.1196475
4.5,114.2,3.5721364
4.5,114.3,2.9965186
4.5,114.4,2.3868337
4.5,114.5,1.9093474
4.5,114.6,1.7382227
4.5,114.7,1.7050371
4.5,114.8,1.8062645
4.5,114.9,2.2186518
4.5,115.0,2.1617212
4.5,115.1,2.0114167
4.5,115.2,2.077455
4.5,115.3,2.2561276
4.5,115.4,2.188111
4.5,115.5,2.4706528
4.5,115.6,2.7133799
4.5,115.7,2.9051979
4.5,115.8,3.0667756
4.5,115.9,3.054503
4.5,116.0,2.6998894
4.5,116.1,2.6277325
4.5,116.2,2.612641
4.5,116.3,2.5657358
4.5,116.4,2.531119
4.5,116.5,2.7557619
4.5,116.6,3.023529
4.5,116.7,3.0444286
4.5,116.8,2.943769
4.5,116.9,2.8083026
4.5,117.0,2.667971
4.5,117.1,2.3896663
4.5,117.2,2.1388521
4.5,117.3,1.9830116
4.5,117.4,2.1250916
4.5,117.5,2.2939866
4.5,117.6,2.4163506
4.5,117.7,2.4771786
4.5,117.8,2.5471942
4.5,117.9,2.564579
4.5,118.0,2.5696447
4.5,118.1,2.6539605
4.5,118.2,2.8286283
4.5,118.3,2.9641051
4.5,118.4,3.3787026
4.5,118.5,4.506371
4.5,118.6,5.66236
4.4,114.0,3.9390953
4.4,114.1,3.424668
4.4,114.2,2.826269
4.4,114.3,2.2422922
4.4,114.4,1.6826199
4.4,114.5,1.4291507
4.4,114.6,1.4122465
4.4,114.7,1.4694872
4.4,114.8,1.5761074
4.4,114.9,1.7250122
4.4,115.0,2.0611584
4.4,115.1,2.1134272
4.4,115.2,2.306696
4.4,115.3,2.4649882
4.4,115.4,2.406394
4.4,115.5,2.5086565
4.4,115.6,2.7801576
4.4,115.7,2.9474018
4.4,115.8,3.0760527
4.4,115.9,3.0144572
4.4,116.0,2.6424923
4.4,116.1,2.3960109
4.4,116.2,2.3284512
4.4,116.3,2.2439058
4.4,116.4,2.1831627
4.4,116.5,2.3835437
4.4,116.6,2.726245
4.4,116.7,2.955037
4.4,116.8,2.8811696
4.4,116.9,2.739599
4.4,117.0,2.5829153
4.4,117.1,2.3223066
4.4,117.2,2.0537872
4.4,117.3,1.9235535
4.4,117.4,2.0655951
4.4,117.5,2.2513914
4.4,117.8,2.6077547
4.4,117.9,2.6804504
4.4,118.0,2.76925
4.4,118.1,2.9115674
4.4,118.2,3.096506
4.4,118.3,3.3108578
4.4,118.4,3.5453596
4.4,118.5,4.519904
4.4,126.8,8.401711
4.3,114.0,3.440574
4.3,114.1,2.8130937
4.3,114.2,2.1950314
4.3,114.3,1.7402653
4.3,114.4,1.3955855
4.3,114.5,1.2228413
4.3,114.6,1.2532259
4.3,114.7,1.3210106
4.3,114.8,1.4272981
4.3,114.9,1.5904185
4.3,115.0,1.8974501
4.3,115.1,2.0857646
4.3,115.2,2.1645086
4.3,115.3,2.355185
4.3,115.4,2.325612
4.3,115.5,2.5527098
4.3,115.6,2.757517
4.3,115.7,2.7807271
4.3,115.8,2.900527
4.3,115.9,2.8665285
4.3,116.0,2.4286242
4.3,116.1,2.1251967
4.3,116.2,2.0429907
4.3,116.3,1.9717023
4.3,116.4,1.9067457
4.3,116.5,2.1069036
4.3,116.6,2.4483376
4.3,116.7,2.7168846
4.3,116.8,2.6107986
4.3,116.9,2.4781318
4.3,117.0,2.3555756
4.3,117.1,2.0889637
4.3,117.2,1.8676726
4.3,117.3,1.7998302
4.3,117.4,1.8872645
4.3,117.5,2.0776
4.3,117.6,2.2295609
4.3,117.8,2.6239152
4.3,117.9,3.1507826
4.3,118.0,3.2951224
4.3,118.1,3.2346163
4.3,118.2,3.3986955
4.3,126.7,8.890141
4.3,126.8,8.333012
4.3,126.9,8.124273
4.2,113.9,3.149378
4.2,114.0,2.802833
4.2,114.1,2.3587515
4.2,114.2,1.8655165
4.2,114.3,1.5141541
4.2,114.4,1.3840357
4.2,114.5,1.218692
4.2,114.6,1.1699305
4.2,114.7,1.2111305
4.2,114.8,1.3160583
4.2,114.9,1.4515637
4.2,115.0,1.7554913
4.2,115.1,1.9632646
4.2,115.2,2.0389385
4.2,115.3,2.0858018
4.2,115.4,2.2561448
4.2,115.5,2.4741194
4.2,115.6,2.6855242
4.2,115.7,2.653727
4.2,115.8,2.662834
4.2,115.9,2.6104317
4.2,116.0,2.1971633
4.2,116.1,1.7707524
4.2,116.2,1.6818788
4.2,116.3,1.6883948
4.2,116.4,1.6944948
4.2,116.5,1.9035704
4.2,116.6,2.1759875
4.2,116.7,2.291489
4.2,116.8,2.208928
4.2,116.9,2.0868
4.2,117.0,1.9757419
4.2,117.1,1.7771007
4.2,117.2,1.7662171
4.2,117.3,1.7986188
4.2,117.4,1.7473621
4.2,117.5,1.8273809
4.2,117.7,2.235521
4.2,117.8,3.3056285
4.2,126.8,9.35847
4.1,113.9,2.5643873
4.1,114.0,2.0919473
4.1,114.1,1.9094007
4.1,114.2,1.6402347
4.1,114.3,1.4904115
4.1,114.4,1.4079776
4.1,114.5,1.2637093
4.1,114.6,1.1861012
4.1,114.7,1.1324985
4.1,114.8,1.2229244
4.1,114.9,1.3375385
4.1,115.0,1.6508342
4.1,115.1,1.8447995
4.1,115.2,1.9316403
4.1,115.3,2.0079906
4.1,115.4,2.1836944
4.1,115.5,2.3875384
4.1,115.6,2.7041895
4.1,115.7,2.664158
4.1,115.8,2.5745656
4.1,115.9,2.4188974
4.1,116.0,1.9489241
4.1,116.1,1.4724674
4.1,116.2,1.4746075
4.1,116.3,1.367052
4.1,116.4,1.4626582
4.1,116.5,1.6338736
4.1,116.6,1.7750543
4.1,116.7,1.9143407
4.1,116.8,1.8260039
4.1,116.9,1.7374551
4.1,117.0,1.6964191
4.1,117.1,1.7183453
4.1,117.2,1.8439347
4.1,117.3,1.9116817
4.1,117.4,1.782178
4.1,117.5,1.7108327
4.1,117.6,1.8675249
4.1,117.7,2.6745644
4.1,117.8,3.8896072
4.1,117.9,4.440395
4.1,126.8,10.079356
4.0,113.8,2.6791368
4.0,113.9,1.9845537
4.0,114.0,1.6973039
4.0,114.1,1.5662696
4.0,114.2,1.545208
4.0,114.3,1.4003216
4.0,114.4,1.2885461
4.0,114.5,1.1885079
4.0,114.6,1.1199111
4.0,114.7,1.1356114
4.0,114.8,1.2994002
4.0,114.9,1.4542356
4.0,115.0,1.7409074
4.0,115.1,1.933272
4.0,115.2,2.0168896
4.0,115.3,2.0395396
4.0,115.4,2.2565289
4.0,115.5,2.466977
4.0,115.6,2.8036747
4.0,115.7,2.7375538
4.0,115.8,2.6426086
4.0,115.9,2.3471363
4.0,116.0,1.7879518
4.0,116.1,1.419229
4.0,116.2,1.4123728
4.0,116.3,1.2234203
4.0,116.4,1.2099463
4.0,116.5,1.3094431
4.0,116.6,1.40461
4.0,116.7,1.5342808
4.0,116.8,1.5021893
4.0,116.9,1.4831938
4.0,117.0,1.5681245
4.0,117.1,1.6937613
4.0,117.2,1.8128157
4.0,117.3,1.8714366
4.0,117.4,1.7212527
4.0,117.5,1.6555463
3.9,113.7,2.6990001
3.9,113.8,2.2147357
3.9,113.9,1.5948901
3.9,114.0,1.419486
3.9,114.1,1.4569874
3.9,114.2,1.489231
3.9,114.3,1.464517
3.9,114.4,1.5550517
3.9,114.5,1.4292526
3.9,114.6,1.3239014
3.9,114.7,1.3865063
3.9,114.8,1.4914091
3.9,114.9,1.6486905
3.9,115.0,1.9125291
3.9,115.1,2.1221282
3.9,115.2,2.1317205
3.9,115.3,2.1404529
3.9,115.4,2.3514042
3.9,115.5,2.627114
3.9,115.6,2.870254
3.9,115.7,2.8593032
3.9,115.8,2.681205
3.9,115.9,2.336365
3.9,116.0,1.776745
3.9,116.1,1.3916152
3.9,116.2,1.470756
3.9,116.3,1.207998
3.9,116.4,1.0408216
3.9,116.5,1.2237159
3.9,116.6,1.3940226
3.9,116.7,1.4978156
3.9,116.8,1.5280545
3.9,116.9,1.5152047
3.9,117.0,1.5109619
3.9,117.1,1.5542551
3.9,117.2,1.6997212
3.9,117.3,1.7350025
3.9,117.4,1.5858637
3.9,117.5,1.609245
3.9,117.6,2.1133518
3.8,113.6,2.5514271
3.8,113.7,2.05789
3.8,113.8,1.5869973
3.8,113.9,1.3412862
3.8,114.0,1.3365136
3.8,114.1,1.4195673
3.8,114.2,1.4646361
3.8,114.3,1.5164452
3.8,114.4,1.7103378
3.8,114.5,1.7861079
3.8,114.6,1.7850673
3.8,114.7,1.8387781
3.8,114.8,1.9377213
3.8,114.9,2.039815
3.8,115.0,2.182939
3.8,115.1,2.2333953
3.8,115.2,2.2061014
3.8,115.3,2.195566
3.8,115.4,2.4343212
3.8,115.5,2.7186203
3.8,115.6,3.0446951
3.8,115.7,2.9010687
3.8,115.8,2.71694
3.8,115.9,2.4037418
3.8,116.0,1.8040321
3.8,116.1,1.6030893
3.8,116.2,1.658157
3.8,116.3,1.3029145
3.8,116.4,1.0597813
3.8,116.5,1.177053
3.8,116.6,1.3927579
3.8,116.7,1.6160977
3.8,116.8,1.6307708
3.8,116.9,1.6588066
3.8,117.0,1.7332964
3.8,117.1,1.6122819
3.8,117.2,1.5855756
3.8,117.3,1.6043277
3.8,117.4,1.5595902
3.8,117.5,1.7215402
3.8,117.6,2.4211924
3.8,117.7,3.45669
3.8,126.8,10.867646
3.7,113.5,2.5868936
3.7,113.6,2.0910342
3.7,113.7,1.5945783
3.7,113.8,1.3234292
3.7,113.9,1.2995752
3.7,114.0,1.3317503
3.7,114.1,1.3939911
3.7,114.2,1.4277111
3.7,114.3,1.4659026
3.7,114.4,1.6967627
3.7,114.5,1.924067
3.7,114.6,2.02839
3.7,114.7,2.0714455
3.7,114.8,2.1609406
3.7,114.9,2.271358
3.7,115.0,2.3807423
3.7,115.1,2.3184285
3.7,115.2,2.2517982
3.7,115.3,2.266065
3.7,115.4,2.5006142
3.7,115.5,2.8643756
3.7,115.6,3.0225203
3.7,115.7,2.9712243
3.7,115.8,2.7926705
3.7,115.9,2.4519145
3.7,116.0,1.8664299
3.7,116.1,1.6505952
3.7,116.2,1.604659
3.7,116.3,1.323744
3.7,116.4,1.1416992
3.7,116.5,1.358051
3.7,116.6,1.4726123
3.7,116.7,1.6588393
3.7,116.8,1.6236734
3.7,116.9,1.6569291
3.7,117.0,1.7254705
3.7,117.1,1.6322474
3.7,117.2,1.5438619
3.7,117.3,1.7333332
3.7,117.4,2.1550565
3.7,117.5,2.3872485
3.7,117.6,2.9263592
3.7,117.7,3.9113288
3.7,125.4,10.971043
3.7,125.5,10.906446
3.6,113.4,2.7658072
3.6,113.5,2.2513204
3.6,113.6,1.6868136
3.6,113.7,1.3816122
3.6,113.8,1.3251748
3.6,113.9,1.31777
3.6,114.0,1.3797686
3.6,114.1,1.4588332
3.6,114.2,1.4654006
3.6,114.3,1.4466835
3.6,114.4,1.7049941
3.6,114.5,1.9339085
3.6,114.6,2.1148229
3.6,114.7,2.2383163
3.6,114.8,2.3227584
3.6,114.9,2.445588
3.6,115.0,2.5767934
3.6,115.1,2.4993277
3.6,115.2,2.334
3.6,115.3,2.3524399
3.6,115.4,2.6270196
3.6,115.5,2.8308303
3.6,115.6,3.020852
3.6,115.7,2.9731758
3.6,115.8,2.8745618
3.6,115.9,2.5513318
3.6,116.0,1.8932618
3.6,116.1,1.6054051
3.6,116.2,1.6753539
3.6,116.3,1.3668305
3.6,116.4,1.347944
3.6,116.5,1.5356878
3.6,116.6,1.5292261
3.6,116.7,1.7339555
3.6,116.8,1.6856544
3.6,116.9,1.6343604
3.6,117.0,1.7055564
3.6,117.1,1.6563189
3.6,125.5,10.825892
3.5,113.3,2.9823081
3.5,113.4,2.6465082
3.5,113.5,1.9419396
3.5,113.6,1.5616775
3.5,113.7,1.4781262
3.5,113.8,1.3608341
3.5,113.9,1.3696741
3.5,114.0,1.4228135
3.5,114.1,1.5086241
3.5,114.2,1.5751016
3.5,114.3,1.4265978
3.5,114.4,1.6717477
3.5,114.5,1.9057664
3.5,114.6,2.0814586
3.5,114.7,2.2539492
3.5,114.8,2.396232
3.5,114.9,2.530566
3.5,115.0,2.6693773
3.5,115.1,2.5850048
3.5,115.2,2.4065254
3.5,115.3,2.3885493
3.5,115.4,2.5695324
3.5,115.5,2.7483928
3.5,115.6,2.9631026
3.5,115.7,2.908171
3.5,115.8,2.8278127
3.5,115.9,2.6048272
3.5,116.0,1.9328738
3.5,116.1,1.6402518
3.5,116.2,1.721636
3.5,116.3,1.426958
3.5,116.4,1.5230706
3.5,116.5,1.57873
3.5,116.6,1.5546552
3.5,116.7,1.7469374
3.5,116.8,1.7411741
3.5,116.9,1.6856334
3.5,117.0,1.6793177
3.5,117.1,1.7326504
3.5,117.2,1.837738
3.5,117.5,3.3659923
3.5,125.6,10.58606
