Longitude,Latitude,max_wind_speed,Return_Period
121.4,19.4,17.684877395629883,< 7-year
121.5,19.4,17.718063354492188,< 7-year
121.9,18.9,16.541162490844727,< 7-year
120.8,18.6,13.900582313537596,< 7-year
120.9,18.6,13.054794311523436,< 7-year
121.1,18.6,11.846830368041992,< 7-year
121.2,18.6,11.42349910736084,< 7-year
120.7,18.5,12.134743690490723,< 7-year
120.8,18.5,10.834783554077148,< 7-year
120.9,18.5,9.701676368713379,< 7-year
121.0,18.5,9.008832931518555,< 7-year
121.1,18.5,8.645203590393066,< 7-year
121.2,18.5,8.360042572021484,< 7-year
121.3,18.5,8.82578182220459,< 7-year
122.2,18.5,16.008262634277344,< 7-year
120.6,18.4,10.86068058013916,< 7-year
120.7,18.4,9.579177856445312,< 7-year
120.8,18.4,8.110832214355469,< 7-year
120.9,18.4,6.8728532791137695,< 7-year
121.0,18.4,6.043133735656738,< 7-year
121.1,18.4,5.781845569610596,< 7-year
121.2,18.4,5.692530155181885,< 7-year
121.3,18.4,6.282570838928223,< 7-year
121.4,18.4,7.143463134765625,< 7-year
121.5,18.4,8.123090744018555,< 7-year
121.6,18.4,9.679542541503906,< 7-year
122.1,18.4,14.571491241455078,< 7-year
122.2,18.4,15.351492881774902,< 7-year
122.3,18.4,15.841279029846191,< 7-year
120.7,18.3,8.441493034362793,< 7-year
120.8,18.3,7.212014675140381,< 7-year
120.9,18.3,6.041642189025879,< 7-year
121.0,18.3,5.330735683441162,< 7-year
121.1,18.3,5.026392936706543,< 7-year
121.2,18.3,4.756246566772461,< 7-year
121.3,18.3,5.159432411193848,< 7-year
121.4,18.3,5.887340068817139,< 7-year
121.5,18.3,6.791838645935059,< 7-year
121.6,18.3,8.000771522521973,< 7-year
121.7,18.3,9.402613639831545,< 7-year
122.1,18.3,11.885727882385252,< 7-year
122.2,18.3,13.360120773315428,< 7-year
122.3,18.3,14.388866424560547,< 7-year
120.5,18.2,11.096441268920898,< 7-year
120.6,18.2,9.45411491394043,< 7-year
120.7,18.2,7.653385639190674,< 7-year
120.8,18.2,6.690887928009033,< 7-year
120.9,18.2,5.806286811828613,< 7-year
121.0,18.2,5.136197090148926,< 7-year
121.1,18.2,4.628110408782959,< 7-year
121.2,18.2,4.392807960510254,< 7-year
121.3,18.2,4.790064811706543,< 7-year
121.4,18.2,5.324685096740723,< 7-year
121.5,18.2,5.883148193359375,< 7-year
121.6,18.2,6.440210819244385,< 7-year
121.7,18.2,6.996888637542725,< 7-year
121.8,18.2,7.476455211639405,< 7-year
121.9,18.2,7.745104789733887,< 7-year
122.0,18.2,8.005298614501953,< 7-year
122.1,18.2,8.980077743530273,< 7-year
122.2,18.2,11.08293342590332,< 7-year
120.5,18.1,11.08853816986084,< 7-year
120.6,18.1,8.65758991241455,< 7-year
120.7,18.1,7.055518627166748,< 7-year
120.8,18.1,6.4593634605407715,< 7-year
120.9,18.1,5.874576568603516,< 7-year
121.0,18.1,5.2602314949035645,< 7-year
121.1,18.1,4.660162925720215,< 7-year
121.2,18.1,4.210503101348877,< 7-year
121.3,18.1,4.538063049316406,< 7-year
121.4,18.1,4.961783409118652,< 7-year
121.5,18.1,5.382813930511475,< 7-year
121.6,18.1,5.724020957946777,< 7-year
121.7,18.1,6.038686752319336,< 7-year
121.8,18.1,6.221405982971191,< 7-year
121.9,18.1,6.040307521820068,< 7-year
122.0,18.1,5.86128568649292,< 7-year
122.1,18.1,6.701155662536621,< 7-year
122.2,18.1,8.352794647216797,< 7-year
120.6,18.0,8.102746963500977,< 7-year
120.7,18.0,6.981997489929199,< 7-year
120.8,18.0,6.680955410003662,< 7-year
120.9,18.0,6.4252495765686035,< 7-year
121.0,18.0,5.881150245666504,< 7-year
121.1,18.0,5.120669364929199,< 7-year
121.2,18.0,4.513213634490967,< 7-year
121.3,18.0,4.565300464630127,< 7-year
121.4,18.0,5.04913330078125,< 7-year
121.5,18.0,5.551779747009277,< 7-year
121.6,18.0,5.688553810119629,< 7-year
121.7,18.0,5.784423351287842,< 7-year
121.8,18.0,5.813334941864014,< 7-year
121.9,18.0,5.53859806060791,< 7-year
122.0,18.0,5.257443428039551,< 7-year
122.1,18.0,6.062990188598633,< 7-year
120.5,17.9,9.275342941284181,< 7-year
120.6,17.9,7.604752540588379,< 7-year
120.7,17.9,6.850513458251953,< 7-year
120.8,17.9,6.943554878234863,< 7-year
120.9,17.9,7.1374688148498535,< 7-year
121.0,17.9,6.6049675941467285,< 7-year
121.1,17.9,5.651444911956787,< 7-year
121.2,17.9,4.864286422729492,< 7-year
121.3,17.9,4.592416763305664,< 7-year
121.4,17.9,5.14885139465332,< 7-year
121.5,17.9,5.628235816955566,< 7-year
121.6,17.9,5.667328834533691,< 7-year
121.7,17.9,5.55863618850708,< 7-year
121.8,17.9,5.402980804443359,< 7-year
121.9,17.9,5.057751655578613,< 7-year
122.0,17.9,4.726525783538818,< 7-year
122.1,17.9,5.486534118652344,< 7-year
120.5,17.8,8.855504989624023,< 7-year
120.6,17.8,7.416316986083984,< 7-year
120.7,17.8,6.94974946975708,< 7-year
120.8,17.8,7.118684768676758,< 7-year
120.9,17.8,7.424980640411378,< 7-year
121.0,17.8,6.859795093536377,< 7-year
121.1,17.8,5.7145867347717285,< 7-year
121.2,17.8,4.807262420654297,< 7-year
121.3,17.8,4.505147933959961,< 7-year
121.4,17.8,5.1923604011535645,< 7-year
121.5,17.8,5.893984317779541,< 7-year
121.6,17.8,5.762531280517578,< 7-year
121.7,17.8,5.542055606842041,< 7-year
121.8,17.8,5.262553691864014,< 7-year
121.9,17.8,4.813111305236816,< 7-year
122.0,17.8,4.361579418182373,< 7-year
122.1,17.8,5.3049798011779785,< 7-year
120.4,17.7,11.251147270202637,< 7-year
120.5,17.7,8.93704605102539,< 7-year
120.6,17.7,7.654694080352784,< 7-year
120.7,17.7,7.1341400146484375,< 7-year
120.8,17.7,7.193868160247803,< 7-year
120.9,17.7,7.285629749298096,< 7-year
121.0,17.7,6.521334171295166,< 7-year
121.1,17.7,5.293592929840088,< 7-year
121.2,17.7,4.22223424911499,< 7-year
121.3,17.7,4.273188591003418,< 7-year
121.4,17.7,5.1785478591918945,< 7-year
121.5,17.7,5.966043472290039,< 7-year
121.6,17.7,6.023311138153076,< 7-year
121.7,17.7,5.93218994140625,< 7-year
121.8,17.7,5.698785781860352,< 7-year
121.9,17.7,4.9810709953308105,< 7-year
122.0,17.7,4.311543941497803,< 7-year
122.1,17.7,5.01865291595459,< 7-year
120.4,17.6,11.52925968170166,< 7-year
120.5,17.6,9.015378952026367,< 7-year
120.6,17.6,7.83044958114624,< 7-year
120.7,17.6,7.346970081329346,< 7-year
120.8,17.6,7.245190620422363,< 7-year
120.9,17.6,7.155690670013428,< 7-year
121.0,17.6,6.223443508148193,< 7-year
121.1,17.6,4.874741077423096,< 7-year
121.2,17.6,3.7211525440216064,< 7-year
121.3,17.6,4.064931392669678,< 7-year
121.4,17.6,5.171176910400391,< 7-year
121.5,17.6,6.347509860992432,< 7-year
121.6,17.6,6.409119129180908,< 7-year
121.7,17.6,6.378307819366455,< 7-year
121.8,17.6,6.109363079071045,< 7-year
121.9,17.6,5.222645282745361,< 7-year
122.0,17.6,4.285552024841309,< 7-year
122.1,17.6,5.024938583374023,< 7-year
120.5,17.5,8.674057006835938,< 7-year
120.6,17.5,7.404531478881835,< 7-year
120.7,17.5,6.798144817352295,< 7-year
120.8,17.5,6.630837440490723,< 7-year
120.9,17.5,6.507462024688721,< 7-year
121.0,17.5,5.64078950881958,< 7-year
121.1,17.5,4.366377830505371,< 7-year
121.2,17.5,3.2712137699127197,< 7-year
121.3,17.5,3.929155111312866,< 7-year
121.4,17.5,5.211756229400635,< 7-year
121.5,17.5,6.39705753326416,< 7-year
121.6,17.5,6.648074626922607,< 7-year
121.7,17.5,6.678577423095703,< 7-year
121.8,17.5,6.442764759063721,< 7-year
121.9,17.5,5.324617385864258,< 7-year
122.0,17.5,4.171604156494141,< 7-year
122.1,17.5,4.44399356842041,< 7-year
120.5,17.4,8.649497985839844,< 7-year
120.6,17.4,6.546481609344482,< 7-year
120.7,17.4,5.837276458740234,< 7-year
120.8,17.4,5.664132595062256,< 7-year
120.9,17.4,5.596041679382324,< 7-year
121.0,17.4,4.903730392456055,< 7-year
121.1,17.4,3.894980192184448,< 7-year
121.2,17.4,3.215631008148194,< 7-year
121.3,17.4,4.003238677978516,< 7-year
121.4,17.4,5.28591775894165,< 7-year
121.5,17.4,6.610346794128418,< 7-year
121.6,17.4,6.779749393463135,< 7-year
121.7,17.4,6.896267414093018,< 7-year
121.8,17.4,6.575700759887695,< 7-year
121.9,17.4,5.314581394195557,< 7-year
122.0,17.4,3.947534322738647,< 7-year
122.1,17.4,3.972953319549561,< 7-year
122.2,17.4,5.705959796905518,< 7-year
120.5,17.3,8.514904975891113,< 7-year
120.6,17.3,5.727745532989503,< 7-year
120.7,17.3,4.853055477142334,< 7-year
120.8,17.3,4.801074028015137,< 7-year
120.9,17.3,4.773196697235107,< 7-year
121.0,17.3,4.241713047027588,< 7-year
121.1,17.3,3.5388643741607666,< 7-year
121.2,17.3,3.224802017211914,< 7-year
121.3,17.3,4.103557109832764,< 7-year
121.4,17.3,5.354034423828125,< 7-year
121.5,17.3,6.533936977386475,< 7-year
121.6,17.3,6.922781467437744,< 7-year
121.7,17.3,7.137073516845703,< 7-year
121.8,17.3,6.926114082336426,< 7-year
121.9,17.3,5.370011329650879,< 7-year
122.0,17.3,3.783279418945313,< 7-year
122.1,17.3,3.354796886444092,< 7-year
122.2,17.3,4.632577419281006,< 7-year
122.3,17.3,6.65554666519165,< 7-year
120.5,17.2,8.62018871307373,< 7-year
120.6,17.2,5.075823783874512,< 7-year
120.7,17.2,4.154630661010742,< 7-year
120.8,17.2,4.139480113983154,< 7-year
120.9,17.2,4.242025852203369,< 7-year
121.0,17.2,3.8156945705413814,< 7-year
121.1,17.2,3.3853631019592285,< 7-year
121.2,17.2,3.436495542526245,< 7-year
121.3,17.2,4.247525691986084,< 7-year
121.4,17.2,5.369740009307861,< 7-year
121.5,17.2,6.536938190460205,< 7-year
121.6,17.2,6.926428318023682,< 7-year
121.7,17.2,7.2911648750305185,< 7-year
121.8,17.2,7.084792137145996,< 7-year
121.9,17.2,5.600377559661865,< 7-year
122.0,17.2,3.9848837852478023,< 7-year
122.1,17.2,3.459604501724243,< 7-year
122.2,17.2,4.278629779815674,< 7-year
122.3,17.2,5.784877777099609,< 7-year
122.4,17.2,7.330325126647949,< 7-year
120.5,17.1,8.051714897155762,< 7-year
120.6,17.1,4.741977691650391,< 7-year
120.7,17.1,3.5536603927612305,< 7-year
120.8,17.1,3.62931489944458,< 7-year
120.9,17.1,3.7967255115509033,< 7-year
121.0,17.1,3.5093398094177246,< 7-year
121.1,17.1,3.34830904006958,< 7-year
121.2,17.1,3.861240863800049,< 7-year
121.3,17.1,4.418846130371094,< 7-year
121.4,17.1,5.362600803375244,< 7-year
121.5,17.1,6.285669803619385,< 7-year
121.6,17.1,6.887368202209473,< 7-year
121.7,17.1,7.406196594238281,< 7-year
121.8,17.1,7.430550098419189,< 7-year
121.9,17.1,5.9085869789123535,< 7-year
122.0,17.1,4.345471382141113,< 7-year
122.1,17.1,3.6939525604248047,< 7-year
122.2,17.1,4.296518802642822,< 7-year
122.3,17.1,5.114238739013672,< 7-year
122.4,17.1,7.508340358734131,< 7-year
122.5,17.1,10.786084175109863,< 7-year
120.5,17.0,8.094826698303223,< 7-year
120.6,17.0,4.3929266929626465,< 7-year
120.7,17.0,3.064720630645752,< 7-year
120.8,17.0,3.2821059226989746,< 7-year
120.9,17.0,3.5176713466644287,< 7-year
121.0,17.0,3.3388686180114746,< 7-year
121.1,17.0,3.4396872520446777,< 7-year
121.2,17.0,4.072071552276611,< 7-year
121.3,17.0,4.450500011444092,< 7-year
121.4,17.0,5.2746357917785645,< 7-year
121.5,17.0,6.102176189422607,< 7-year
121.6,17.0,6.732931137084961,< 7-year
121.7,17.0,7.405506134033203,< 7-year
121.8,17.0,7.51462984085083,< 7-year
121.9,17.0,6.112380027770996,< 7-year
122.0,17.0,4.591937065124512,< 7-year
122.1,17.0,3.953401803970337,< 7-year
122.2,17.0,4.386636257171631,< 7-year
122.3,17.0,5.012959957122803,< 7-year
122.4,17.0,7.107796669006348,< 7-year
120.4,16.9,9.351840019226074,< 7-year
120.5,16.9,7.0339579582214355,< 7-year
120.6,16.9,3.920514106750488,< 7-year
120.7,16.9,2.751574993133545,< 7-year
120.8,16.9,3.090485095977783,< 7-year
120.9,16.9,3.4485836029052734,< 7-year
121.0,16.9,3.4281558990478516,< 7-year
121.1,16.9,3.5783498287200928,< 7-year
121.2,16.9,4.260344505310059,< 7-year
121.3,16.9,4.360447883605957,< 7-year
121.4,16.9,4.8827805519104,< 7-year
121.5,16.9,5.691521644592285,< 7-year
121.6,16.9,6.249423027038574,< 7-year
121.7,16.9,6.928666114807129,< 7-year
121.8,16.9,7.175865650177002,< 7-year
121.9,16.9,5.833178520202637,< 7-year
122.0,16.9,4.399819374084473,< 7-year
122.1,16.9,3.826581478118897,< 7-year
122.2,16.9,4.52426290512085,< 7-year
122.3,16.9,5.28413200378418,< 7-year
122.4,16.9,7.570214748382568,< 7-year
120.4,16.8,8.519709587097168,< 7-year
120.5,16.8,5.893326282501221,< 7-year
120.6,16.8,3.483053684234619,< 7-year
120.7,16.8,2.4855406284332275,< 7-year
120.8,16.8,2.943176031112671,< 7-year
120.9,16.8,3.525515079498291,< 7-year
121.0,16.8,3.5993859767913814,< 7-year
121.1,16.8,3.7154109477996826,< 7-year
121.2,16.8,4.206953048706055,< 7-year
121.3,16.8,4.32611608505249,< 7-year
121.4,16.8,4.416810512542725,< 7-year
121.5,16.8,5.35149383544922,< 7-year
121.6,16.8,5.817829608917236,< 7-year
121.7,16.8,6.353949546813965,< 7-year
121.8,16.8,6.7247233390808105,< 7-year
121.9,16.8,5.4763569831848145,< 7-year
122.0,16.8,4.133626937866211,< 7-year
122.1,16.8,3.7460658550262447,< 7-year
122.2,16.8,4.687387466430664,< 7-year
122.3,16.8,5.787215709686279,< 7-year
122.4,16.8,7.196506500244141,< 7-year
120.4,16.7,7.089073181152344,< 7-year
120.5,16.7,5.002474308013916,< 7-year
120.6,16.7,2.961045503616333,< 7-year
120.7,16.7,2.400912046432495,< 7-year
120.8,16.7,2.8780996799468994,< 7-year
120.9,16.7,3.632781744003296,< 7-year
121.0,16.7,3.8319051265716553,< 7-year
121.1,16.7,3.8719050884246826,< 7-year
121.2,16.7,4.2611870765686035,< 7-year
121.3,16.7,4.257435321807861,< 7-year
121.4,16.7,4.2234578132629395,< 7-year
121.5,16.7,4.912076473236084,< 7-year
121.6,16.7,5.4158453941345215,< 7-year
121.7,16.7,5.84636926651001,< 7-year
121.8,16.7,6.263247966766357,< 7-year
121.9,16.7,5.215602874755859,< 7-year
122.0,16.7,4.117480754852295,< 7-year
122.1,16.7,3.8931667804718018,< 7-year
122.2,16.7,5.188706874847412,< 7-year
122.3,16.7,6.634312152862549,< 7-year
120.3,16.6,8.903507232666016,< 7-year
120.4,16.6,6.479279518127441,< 7-year
120.5,16.6,4.495093822479248,< 7-year
120.6,16.6,2.5126795768737793,< 7-year
120.7,16.6,2.3268773555755615,< 7-year
120.8,16.6,3.0347795486450195,< 7-year
120.9,16.6,3.980536699295044,< 7-year
121.0,16.6,4.148126602172852,< 7-year
121.1,16.6,4.009387969970703,< 7-year
121.2,16.6,4.120457649230957,< 7-year
121.3,16.6,4.054521083831787,< 7-year
121.4,16.6,3.859963178634643,< 7-year
121.5,16.6,4.740437030792236,< 7-year
121.6,16.6,5.116115570068359,< 7-year
121.7,16.6,5.496870040893555,< 7-year
121.8,16.6,5.865683555603027,< 7-year
121.9,16.6,5.299237251281738,< 7-year
122.0,16.6,4.673698425292969,< 7-year
122.1,16.6,5.156013488769531,< 7-year
122.2,16.6,6.912576675415039,< 7-year
122.3,16.6,8.20361328125,< 7-year
120.3,16.5,7.346483707427979,< 7-year
120.4,16.5,5.972323894500732,< 7-year
120.5,16.5,4.036550045013428,< 7-year
120.6,16.5,2.100975513458252,< 7-year
120.7,16.5,2.600949287414551,< 7-year
120.8,16.5,3.455061912536621,< 7-year
120.9,16.5,4.297974586486816,< 7-year
121.0,16.5,4.463584899902344,< 7-year
121.1,16.5,4.154608726501465,< 7-year
121.2,16.5,4.069382190704346,< 7-year
121.3,16.5,3.855237245559693,< 7-year
121.4,16.5,3.66026759147644,< 7-year
121.5,16.5,4.435196876525879,< 7-year
121.6,16.5,4.826219081878662,< 7-year
121.7,16.5,5.165709495544434,< 7-year
121.8,16.5,5.42887020111084,< 7-year
121.9,16.5,5.343074321746826,< 7-year
122.0,16.5,5.323415756225586,< 7-year
122.1,16.5,6.5997138023376465,< 7-year
122.2,16.5,8.725992202758789,< 7-year
120.4,16.4,5.894317150115967,< 7-year
120.5,16.4,3.930739402770996,< 7-year
120.6,16.4,2.185247898101806,< 7-year
120.7,16.4,2.6606874465942383,< 7-year
120.8,16.4,3.643402814865112,< 7-year
120.9,16.4,4.626448154449463,< 7-year
121.0,16.4,4.743391990661621,< 7-year
121.1,16.4,4.451425075531006,< 7-year
121.2,16.4,4.262400150299072,< 7-year
121.3,16.4,3.940697431564331,< 7-year
121.4,16.4,3.662506580352783,< 7-year
121.5,16.4,4.311144828796387,< 7-year
121.6,16.4,4.646235466003418,< 7-year
121.7,16.4,5.028011798858643,< 7-year
121.8,16.4,5.464289665222168,< 7-year
121.9,16.4,5.797868728637695,< 7-year
122.0,16.4,6.5542893409729,< 7-year
122.1,16.4,8.214653968811035,< 7-year
122.2,16.4,10.274919509887695,< 7-year
119.8,16.3,12.77606964111328,< 7-year
120.4,16.3,6.501021862030029,< 7-year
120.5,16.3,4.333529472351074,< 7-year
120.6,16.3,2.603822708129883,< 7-year
120.7,16.3,2.217369556427002,< 7-year
120.8,16.3,3.3161818981170654,< 7-year
120.9,16.3,4.523556232452393,< 7-year
121.0,16.3,4.9606170654296875,< 7-year
121.1,16.3,4.912636756896973,< 7-year
121.2,16.3,4.942939281463623,< 7-year
121.3,16.3,4.479041576385497,< 7-year
121.4,16.3,3.9178056716918945,< 7-year
121.5,16.3,4.1870436668396,< 7-year
121.6,16.3,4.61372184753418,< 7-year
121.7,16.3,5.24517297744751,< 7-year
121.8,16.3,6.162414073944092,< 7-year
121.9,16.3,6.942320823669434,< 7-year
122.0,16.3,8.363263130187988,< 7-year
122.1,16.3,10.131011009216309,< 7-year
119.8,16.2,11.675922393798828,< 7-year
119.9,16.2,11.48236846923828,< 7-year
120.0,16.2,11.641656875610352,< 7-year
120.5,16.2,4.868241310119629,< 7-year
120.6,16.2,3.023500680923462,< 7-year
120.7,16.2,1.9733124971389773,< 7-year
120.8,16.2,3.1858174800872803,< 7-year
120.9,16.2,4.591200828552246,< 7-year
121.0,16.2,5.209017276763916,< 7-year
121.1,16.2,5.371151447296143,< 7-year
121.2,16.2,5.480984687805176,< 7-year
121.3,16.2,5.022343635559082,< 7-year
121.4,16.2,4.344602584838867,< 7-year
121.5,16.2,4.0467529296875,< 7-year
121.6,16.2,4.778841972351074,< 7-year
121.7,16.2,5.759792327880859,< 7-year
121.8,16.2,6.843073844909668,< 7-year
121.9,16.2,8.353373527526855,< 7-year
122.0,16.2,10.237029075622559,< 7-year
119.8,16.1,11.011947631835936,< 7-year
119.9,16.1,10.318388938903809,< 7-year
120.0,16.1,10.254911422729492,< 7-year
120.5,16.1,4.777189254760742,< 7-year
120.6,16.1,3.1883373260498047,< 7-year
120.7,16.1,2.283297538757324,< 7-year
120.8,16.1,3.038724422454834,< 7-year
120.9,16.1,4.548228740692139,< 7-year
121.0,16.1,5.2919440269470215,< 7-year
121.1,16.1,5.596060276031494,< 7-year
121.2,16.1,5.898521900177002,< 7-year
121.3,16.1,5.310506343841553,< 7-year
121.4,16.1,4.550326824188232,< 7-year
121.5,16.1,4.1913981437683105,< 7-year
121.6,16.1,5.2631611824035645,< 7-year
121.7,16.1,6.611700057983398,< 7-year
119.8,16.0,10.921706199645996,< 7-year
119.9,16.0,9.624063491821287,< 7-year
120.0,16.0,8.622574806213379,< 7-year
120.1,16.0,7.762056350708008,< 7-year
120.2,16.0,6.680800437927246,< 7-year
120.3,16.0,6.222740650177002,< 7-year
120.4,16.0,5.75225830078125,< 7-year
120.5,16.0,4.2665114402771,< 7-year
120.6,16.0,3.378249168395996,< 7-year
120.7,16.0,2.609008312225342,< 7-year
120.8,16.0,2.8148434162139893,< 7-year
120.9,16.0,4.402373790740967,< 7-year
121.0,16.0,5.1767988204956055,< 7-year
121.1,16.0,5.466681480407715,< 7-year
121.2,16.0,5.629918575286865,< 7-year
121.3,16.0,5.180269241333008,< 7-year
121.4,16.0,4.462040424346924,< 7-year
121.5,16.0,3.9893419742584233,< 7-year
121.6,16.0,5.625,< 7-year
120.0,15.9,7.078318119049072,< 7-year
120.1,15.9,5.609938621520996,< 7-year
120.2,15.9,5.056473731994629,< 7-year
120.3,15.9,4.841012001037598,< 7-year
120.4,15.9,4.589722633361816,< 7-year
120.5,15.9,3.8935279846191406,< 7-year
120.6,15.9,3.522966146469116,< 7-year
120.7,15.9,3.052570343017578,< 7-year
120.8,15.9,2.7423417568206787,< 7-year
120.9,15.9,4.301308631896973,< 7-year
121.0,15.9,5.0694475173950195,< 7-year
121.1,15.9,5.318444728851318,< 7-year
121.2,15.9,5.564873218536377,< 7-year
121.3,15.9,5.0208563804626465,< 7-year
121.4,15.9,4.442431926727295,< 7-year
121.5,15.9,4.36836576461792,< 7-year
121.6,15.9,5.2455620765686035,< 7-year
120.0,15.8,6.271482944488525,< 7-year
120.1,15.8,4.578889846801758,< 7-year
120.2,15.8,4.045384883880615,< 7-year
120.3,15.8,3.874024629592895,< 7-year
120.4,15.8,3.770293474197388,< 7-year
120.5,15.8,3.526805639266968,< 7-year
120.6,15.8,3.441461086273194,< 7-year
120.7,15.8,3.173229217529297,< 7-year
120.8,15.8,3.177022933959961,< 7-year
120.9,15.8,4.550431251525879,< 7-year
121.0,15.8,5.067267894744873,< 7-year
121.1,15.8,5.065383434295654,< 7-year
121.2,15.8,5.0278639793396,< 7-year
121.3,15.8,4.679937362670898,< 7-year
121.4,15.8,4.2736639976501465,< 7-year
121.5,15.8,4.078821182250977,< 7-year
120.0,15.7,5.744633197784424,< 7-year
120.1,15.7,3.7416951656341553,< 7-year
120.2,15.7,3.4150197505950928,< 7-year
120.3,15.7,3.3098654747009277,< 7-year
120.4,15.7,3.2650632858276367,< 7-year
120.5,15.7,3.2681875228881836,< 7-year
120.6,15.7,3.361602783203125,< 7-year
120.7,15.7,3.2854483127593994,< 7-year
120.8,15.7,3.845054626464844,< 7-year
120.9,15.7,4.8665242195129395,< 7-year
121.0,15.7,5.06860876083374,< 7-year
121.1,15.7,4.754857540130615,< 7-year
121.2,15.7,4.464676380157471,< 7-year
121.3,15.7,4.222896099090576,< 7-year
121.4,15.7,4.273743152618408,< 7-year
121.5,15.7,5.025312423706055,< 7-year
120.0,15.6,5.303529262542725,< 7-year
120.1,15.6,3.2147982120513916,< 7-year
120.2,15.6,2.885713577270508,< 7-year
120.3,15.6,2.8451552391052246,< 7-year
120.4,15.6,2.861646890640259,< 7-year
120.5,15.6,3.0748102664947514,< 7-year
120.6,15.6,3.375032424926758,< 7-year
120.7,15.6,3.8605451583862305,< 7-year
120.8,15.6,4.402194023132324,< 7-year
120.9,15.6,5.224480152130127,< 7-year
121.0,15.6,5.085605621337891,< 7-year
121.1,15.6,4.488626956939697,< 7-year
121.2,15.6,4.029867649078369,< 7-year
121.3,15.6,4.164663314819336,< 7-year
121.4,15.6,4.769301891326904,< 7-year
121.5,15.6,5.611685276031494,< 7-year
120.0,15.5,5.1572980880737305,< 7-year
120.1,15.5,2.9902582168579106,< 7-year
120.2,15.5,2.725257635116577,< 7-year
120.3,15.5,2.70760440826416,< 7-year
120.4,15.5,2.826521635055542,< 7-year
120.5,15.5,3.1248178482055664,< 7-year
120.6,15.5,3.536665201187134,< 7-year
120.7,15.5,4.027339935302734,< 7-year
120.8,15.5,4.521696090698242,< 7-year
120.9,15.5,5.017832279205322,< 7-year
121.0,15.5,5.054849624633789,< 7-year
121.1,15.5,4.794431209564209,< 7-year
121.2,15.5,4.5642619132995605,< 7-year
121.3,15.5,5.338254451751709,< 7-year
121.4,15.5,6.368743419647217,< 7-year
121.5,15.5,7.043668270111084,< 7-year
119.9,15.4,7.338228702545166,< 7-year
120.0,15.4,5.097311973571777,< 7-year
120.1,15.4,2.9460337162017822,< 7-year
120.2,15.4,2.7754998207092285,< 7-year
120.3,15.4,3.2315924167633057,< 7-year
120.4,15.4,3.575340032577514,< 7-year
120.5,15.4,3.6729848384857178,< 7-year
120.6,15.4,3.9006519317626953,< 7-year
120.7,15.4,4.1995744705200195,< 7-year
120.8,15.4,4.518250942230225,< 7-year
120.9,15.4,4.968441009521484,< 7-year
121.0,15.4,5.213754653930664,< 7-year
121.1,15.4,5.421739101409912,< 7-year
121.2,15.4,5.744819164276123,< 7-year
121.3,15.4,6.864265441894531,< 7-year
120.0,15.3,4.6518096923828125,< 7-year
120.1,15.3,2.9682698249816895,< 7-year
120.2,15.3,3.2294108867645264,< 7-year
120.3,15.3,3.795841217041016,< 7-year
120.4,15.3,4.163120269775391,< 7-year
120.5,15.3,4.193845748901367,< 7-year
120.6,15.3,4.367722511291504,< 7-year
120.7,15.3,4.545262813568115,< 7-year
120.8,15.3,4.676148891448975,< 7-year
120.9,15.3,5.072144031524658,< 7-year
121.0,15.3,5.4800543785095215,< 7-year
121.1,15.3,5.927023410797119,< 7-year
121.2,15.3,6.406827449798584,< 7-year
121.3,15.3,7.844382286071777,< 7-year
121.4,15.3,9.240528106689453,< 7-year
120.1,15.2,3.172990083694458,< 7-year
120.2,15.2,3.405931234359741,< 7-year
120.3,15.2,3.8229284286499023,< 7-year
120.4,15.2,4.21173858642578,< 7-year
120.5,15.2,4.408687591552734,< 7-year
120.6,15.2,4.733912467956543,< 7-year
120.7,15.2,4.969717025756836,< 7-year
120.8,15.2,5.249264240264893,< 7-year
120.9,15.2,5.697575092315674,< 7-year
121.0,15.2,5.933590412139893,< 7-year
121.1,15.2,6.031897068023682,< 7-year
121.2,15.2,6.254586219787598,< 7-year
121.3,15.2,7.297168254852294,< 7-year
120.1,15.1,3.8582022190093994,< 7-year
120.2,15.1,3.9598140716552734,< 7-year
120.3,15.1,4.059775352478027,< 7-year
120.4,15.1,4.249846935272217,< 7-year
120.5,15.1,4.617791175842285,< 7-year
120.6,15.1,5.088848114013672,< 7-year
120.7,15.1,5.414937496185303,< 7-year
120.8,15.1,5.855930328369141,< 7-year
120.9,15.1,6.333603858947754,< 7-year
121.0,15.1,6.369105815887451,< 7-year
121.1,15.1,6.09814453125,< 7-year
121.2,15.1,5.926136016845703,< 7-year
121.3,15.1,6.65587854385376,< 7-year
121.4,15.1,7.613317966461181,< 7-year
120.1,15.0,4.564752101898193,< 7-year
120.2,15.0,4.561945915222168,< 7-year
120.3,15.0,4.552989959716797,< 7-year
120.4,15.0,4.623099327087402,< 7-year
120.5,15.0,4.96652364730835,< 7-year
120.6,15.0,5.4991230964660645,< 7-year
120.7,15.0,5.992721080780029,< 7-year
120.8,15.0,6.342801094055176,< 7-year
120.9,15.0,6.710355758666992,< 7-year
121.0,15.0,6.475432872772217,< 7-year
121.1,15.0,5.934160232543945,< 7-year
121.2,15.0,5.707693576812744,< 7-year
121.3,15.0,6.131766319274902,< 7-year
121.4,15.0,6.959794044494629,< 7-year
121.5,15.0,8.249801635742188,< 7-year
121.9,15.0,17.99388885498047,< 7-year
122.0,15.0,18.724254608154297,< 7-year
120.1,14.9,5.3520402908325195,< 7-year
120.2,14.9,5.319947719573975,< 7-year
120.3,14.9,5.2867889404296875,< 7-year
120.4,14.9,5.3795647621154785,< 7-year
120.5,14.9,5.905528545379639,< 7-year
120.8,14.9,6.645079135894775,< 7-year
120.9,14.9,6.418181896209717,< 7-year
121.0,14.9,5.940003395080566,< 7-year
121.1,14.9,5.834627151489258,< 7-year
121.2,14.9,5.851282596588135,< 7-year
121.3,14.9,6.197934150695801,< 7-year
121.4,14.9,6.648672580718994,< 7-year
121.5,14.9,7.938113212585449,< 7-year
121.9,14.9,18.13511848449707,< 7-year
122.0,14.9,18.586212158203125,< 7-year
120.2,14.8,6.129467010498047,< 7-year
120.3,14.8,6.049675464630127,< 7-year
120.4,14.8,6.231291770935059,< 7-year
120.5,14.8,6.861027717590332,< 7-year
120.9,14.8,6.180086135864258,< 7-year
121.0,14.8,5.976213455200195,< 7-year
121.1,14.8,5.930141448974609,< 7-year
121.2,14.8,6.040966033935547,< 7-year
121.3,14.8,6.244509696960449,< 7-year
121.4,14.8,6.5000104904174805,< 7-year
121.5,14.8,7.363608837127685,< 7-year
121.6,14.8,10.398120880126951,< 7-year
121.9,14.8,18.242780685424805,< 7-year
122.0,14.8,18.841522216796875,< 7-year
122.2,14.8,19.06378936767578,< 7-year
120.3,14.7,6.946821689605713,< 7-year
120.4,14.7,7.433518886566161,< 7-year
120.5,14.7,7.8793253898620605,< 7-year
121.0,14.7,5.917599678039551,< 7-year
121.1,14.7,6.145777225494385,< 7-year
121.2,14.7,6.500495910644531,< 7-year
121.3,14.7,6.650271415710449,< 7-year
121.4,14.7,6.737322807312012,< 7-year
121.5,14.7,7.541255950927734,< 7-year
121.6,14.7,10.318689346313477,< 7-year
122.0,14.7,18.776050567626953,< 7-year
122.4,14.7,18.458847045898438,< 7-year
120.4,14.6,9.064807891845703,< 7-year
120.5,14.6,9.101014137268066,< 7-year
120.6,14.6,9.262782096862791,< 7-year
121.0,14.6,5.687545299530029,< 7-year
121.1,14.6,6.389026165008545,< 7-year
121.2,14.6,7.11538553237915,< 7-year
121.3,14.6,7.329953193664551,< 7-year
121.4,14.6,7.297959327697754,< 7-year
121.5,14.6,7.500499248504639,< 7-year
121.6,14.6,10.522315025329588,< 7-year
120.5,14.5,10.196121215820312,< 7-year
120.6,14.5,9.916568756103517,< 7-year
121.1,14.5,6.142085552215576,< 7-year
121.2,14.5,8.01624584197998,< 7-year
121.3,14.5,7.896259307861328,< 7-year
121.4,14.5,7.781235694885255,< 7-year
121.5,14.5,8.218148231506348,< 7-year
121.6,14.5,10.467321395874023,< 7-year
120.8,14.4,5.924232006072998,< 7-year
120.9,14.4,4.81048583984375,< 7-year
121.0,14.4,5.2086100578308105,< 7-year
121.3,14.4,7.349648952484131,< 7-year
121.5,14.4,7.542778968811035,< 7-year
121.6,14.4,11.25881576538086,< 7-year
121.7,14.4,14.01206874847412,< 7-year
120.7,14.3,7.2065653800964355,< 7-year
120.8,14.3,6.055558681488037,< 7-year
120.9,14.3,4.921300411224365,< 7-year
121.0,14.3,4.912066459655762,< 7-year
121.1,14.3,5.795468330383301,< 7-year
121.5,14.3,7.380168437957763,< 7-year
121.6,14.3,11.077240943908691,< 7-year
121.7,14.3,15.526996612548828,< 7-year
122.5,14.3,12.575333595275877,< 7-year
122.7,14.3,12.227476119995115,< 7-year
120.6,14.2,8.05048942565918,< 7-year
120.7,14.2,6.894112586975098,< 7-year
120.8,14.2,5.762971878051758,< 7-year
120.9,14.2,4.806419372558594,< 7-year
121.0,14.2,4.759066581726074,< 7-year
121.1,14.2,5.382307529449463,< 7-year
121.4,14.2,6.067511081695557,< 7-year
121.5,14.2,6.690383434295654,< 7-year
121.6,14.2,10.964146614074709,< 7-year
121.7,14.2,15.651140213012695,< 7-year
122.0,14.2,17.649368286132812,< 7-year
122.4,14.2,10.019811630249023,< 7-year
122.5,14.2,9.941167831420898,< 7-year
122.6,14.2,9.628665924072264,< 7-year
122.7,14.2,9.72129249572754,< 7-year
122.8,14.2,9.874855041503906,< 7-year
122.9,14.2,9.887629508972168,< 7-year
120.6,14.1,8.127116203308105,< 7-year
120.7,14.1,7.396386146545409,< 7-year
120.8,14.1,6.387063026428223,< 7-year
120.9,14.1,5.4933762550354,< 7-year
121.0,14.1,5.214609622955322,< 7-year
121.1,14.1,5.385207653045654,< 7-year
121.2,14.1,5.57822322845459,< 7-year
121.3,14.1,5.92006254196167,< 7-year
121.4,14.1,6.317853927612305,< 7-year
121.5,14.1,7.602625846862794,< 7-year
121.6,14.1,11.238945007324219,< 7-year
121.7,14.1,15.566143989562988,< 7-year
121.8,14.1,19.09233856201172,< 7-year
122.1,14.1,13.850836753845215,< 7-year
122.3,14.1,10.073591232299805,< 7-year
122.4,14.1,8.955153465270996,< 7-year
122.5,14.1,8.696015357971191,< 7-year
122.6,14.1,8.589813232421875,< 7-year
122.7,14.1,8.775500297546387,< 7-year
122.8,14.1,8.993291854858398,< 7-year
122.9,14.1,9.443258285522461,< 7-year
123.0,14.1,10.26803970336914,< 7-year
120.7,14.0,8.369718551635742,< 7-year
120.8,14.0,7.522490978240967,< 7-year
120.9,14.0,6.681241035461426,< 7-year
121.0,14.0,6.000834941864014,< 7-year
121.1,14.0,5.562835693359375,< 7-year
121.2,14.0,5.343084335327148,< 7-year
121.3,14.0,5.946606636047363,< 7-year
121.4,14.0,6.878775596618652,< 7-year
121.5,14.0,8.190414428710938,< 7-year
121.6,14.0,11.666350364685059,< 7-year
121.7,14.0,15.444068908691406,< 7-year
121.8,14.0,18.229698181152344,< 7-year
121.9,14.0,16.738380432128906,< 7-year
122.4,14.0,7.823421001434326,< 7-year
122.5,14.0,7.899380207061768,< 7-year
122.6,14.0,8.205059051513672,< 7-year
122.7,14.0,8.383058547973633,< 7-year
122.8,14.0,8.615817070007324,< 7-year
122.9,14.0,9.01277446746826,< 7-year
123.0,14.0,10.450574874877928,< 7-year
123.3,14.0,13.41591739654541,< 7-year
124.2,14.0,11.1454496383667,< 7-year
124.3,14.0,9.298008918762209,< 7-year
120.6,13.9,10.04781150817871,< 7-year
121.0,13.9,7.050246238708496,< 7-year
121.1,13.9,6.049914360046387,< 7-year
121.2,13.9,5.090199947357178,< 7-year
121.3,13.9,6.124680995941162,< 7-year
121.4,13.9,7.606546878814697,< 7-year
121.5,13.9,9.359113693237305,< 7-year
122.0,13.9,12.850934028625488,< 7-year
122.1,13.9,10.37531566619873,< 7-year
122.2,13.9,8.80958366394043,< 7-year
122.3,13.9,7.5792579650878915,< 7-year
122.4,13.9,7.11500358581543,< 7-year
122.7,13.9,8.306160926818848,< 7-year
122.8,13.9,8.390016555786133,< 7-year
122.9,13.9,8.763319969177246,< 7-year
123.0,13.9,9.848164558410645,< 7-year
123.4,13.9,10.318077087402344,< 7-year
123.5,13.9,9.861991882324219,< 7-year
123.6,13.9,12.075873374938965,< 7-year
123.7,13.9,14.183596611022947,< 7-year
124.2,13.9,9.88449287414551,< 7-year
124.3,13.9,8.094549179077148,< 7-year
120.1,13.8,13.274441719055176,< 7-year
120.2,13.8,13.058469772338867,< 7-year
120.9,13.8,8.568802833557129,< 7-year
121.0,13.8,7.852246761322021,< 7-year
121.1,13.8,6.882347106933594,< 7-year
121.2,13.8,5.916956424713135,< 7-year
121.3,13.8,6.8614044189453125,< 7-year
121.4,13.8,9.034577369689941,< 7-year
122.0,13.8,12.140515327453612,< 7-year
122.1,13.8,10.543017387390137,< 7-year
122.2,13.8,9.08295440673828,< 7-year
122.3,13.8,8.100923538208008,< 7-year
122.4,13.8,7.848292350769043,< 7-year
122.8,13.8,8.610442161560059,< 7-year
122.9,13.8,8.708901405334473,< 7-year
123.0,13.8,9.34898281097412,< 7-year
123.3,13.8,9.600281715393066,< 7-year
123.4,13.8,8.509469985961914,< 7-year
123.5,13.8,8.149886131286621,< 7-year
123.6,13.8,10.559359550476074,< 7-year
123.7,13.8,13.41401958465576,< 7-year
123.8,13.8,14.668534278869627,< 7-year
124.2,13.8,9.678685188293455,< 7-year
124.3,13.8,7.564626216888427,< 7-year
121.1,13.7,7.646702766418458,< 7-year
121.2,13.7,6.578280925750732,< 7-year
121.3,13.7,7.769247531890869,< 7-year
121.4,13.7,10.22195053100586,< 7-year
122.2,13.7,9.515938758850096,< 7-year
122.3,13.7,8.815248489379883,< 7-year
122.4,13.7,8.825060844421387,< 7-year
122.9,13.7,8.740875244140625,< 7-year
123.0,13.7,8.781831741333008,< 7-year
123.1,13.7,9.50953483581543,< 7-year
123.2,13.7,10.179255485534668,< 7-year
123.3,13.7,8.73154067993164,< 7-year
123.4,13.7,7.0842437744140625,< 7-year
123.5,13.7,6.781919479370117,< 7-year
124.1,13.7,12.17952251434326,< 7-year
124.2,13.7,9.648140907287598,< 7-year
124.3,13.7,7.599741458892822,< 7-year
122.3,13.6,9.534149169921875,< 7-year
122.4,13.6,9.816572189331055,< 7-year
122.5,13.6,10.100605010986328,< 7-year
122.9,13.6,8.93734359741211,< 7-year
123.0,13.6,8.903593063354492,< 7-year
123.1,13.6,9.559151649475096,< 7-year
123.2,13.6,9.570417404174805,< 7-year
123.3,13.6,8.020655632019043,< 7-year
123.4,13.6,6.128112316131592,< 7-year
123.5,13.6,5.413950443267822,< 7-year
124.2,13.6,10.108537673950195,< 7-year
124.3,13.6,7.875748157501221,< 7-year
120.7,13.5,7.929394721984864,< 7-year
120.8,13.5,7.117533206939697,< 7-year
121.9,13.5,14.271210670471191,< 7-year
122.0,13.5,11.822257995605469,< 7-year
122.5,13.5,10.405680656433104,< 7-year
122.6,13.5,10.568983078002928,< 7-year
123.2,13.5,11.277538299560547,< 7-year
123.3,13.5,8.613262176513672,< 7-year
123.4,13.5,6.057188510894775,< 7-year
123.5,13.5,4.974147319793701,< 7-year
123.6,13.5,5.966482639312744,< 7-year
120.5,13.4,10.371784210205078,< 7-year
120.6,13.4,8.339492797851562,< 7-year
120.7,13.4,6.464895248413086,< 7-year
120.8,13.4,5.280850410461426,< 7-year
120.9,13.4,4.375137805938721,< 7-year
121.0,13.4,4.096401691436768,< 7-year
121.1,13.4,4.131446838378906,< 7-year
121.2,13.4,4.6100945472717285,< 7-year
121.8,13.4,15.174222946166992,< 7-year
121.9,13.4,13.762171745300291,< 7-year
122.0,13.4,11.524967193603516,< 7-year
122.1,13.4,10.088733673095703,< 7-year
122.5,13.4,10.73429489135742,< 7-year
122.6,13.4,10.761635780334473,< 7-year
123.2,13.4,11.855462074279783,< 7-year
123.3,13.4,9.408767700195312,< 7-year
123.4,13.4,6.087704658508301,< 7-year
123.5,13.4,4.240515232086182,< 7-year
123.6,13.4,5.185600757598877,< 7-year
120.6,13.3,8.012904167175293,< 7-year
120.7,13.3,5.906691074371338,< 7-year
120.8,13.3,4.8187079429626465,< 7-year
120.9,13.3,3.972243070602417,< 7-year
121.0,13.3,3.7422442436218266,< 7-year
121.1,13.3,3.9230253696441646,< 7-year
121.2,13.3,4.610697269439697,< 7-year
121.3,13.3,6.909256935119629,< 7-year
121.9,13.3,13.473334312438965,< 7-year
122.0,13.3,11.754474639892578,< 7-year
122.6,13.3,11.386260986328123,< 7-year
123.3,13.3,9.94979190826416,< 7-year
123.5,13.3,4.17651891708374,< 7-year
123.6,13.3,4.552188396453857,< 7-year
123.7,13.3,5.413221836090088,< 7-year
123.9,13.3,9.113203048706055,< 7-year
120.7,13.2,6.280379772186279,< 7-year
120.8,13.2,5.185835361480713,< 7-year
120.9,13.2,4.538199424743652,< 7-year
121.0,13.2,4.195723533630371,< 7-year
121.1,13.2,4.031937122344971,< 7-year
121.2,13.2,4.0718092918396,< 7-year
121.4,13.2,8.769928932189941,< 7-year
123.3,13.2,9.951183319091797,< 7-year
123.4,13.2,6.432132244110107,< 7-year
123.5,13.2,4.182635307312012,< 7-year
123.6,13.2,4.629774570465088,< 7-year
123.7,13.2,5.368456840515137,< 7-year
120.7,13.1,6.194062232971191,< 7-year
120.8,13.1,5.533105850219727,< 7-year
120.9,13.1,5.022544860839844,< 7-year
121.0,13.1,4.618263244628906,< 7-year
121.1,13.1,4.102924346923828,< 7-year
121.2,13.1,3.733500242233277,< 7-year
121.3,13.1,5.034844398498535,< 7-year
121.4,13.1,6.9720072746276855,< 7-year
121.5,13.1,8.619443893432617,< 7-year
123.0,13.1,14.38080596923828,< 7-year
123.4,13.1,6.866531848907471,< 7-year
123.5,13.1,5.1502509117126465,< 7-year
123.6,13.1,5.102557182312012,< 7-year
123.7,13.1,5.721012115478516,< 7-year
123.8,13.1,7.053926467895508,< 7-year
123.9,13.1,9.394537925720215,< 7-year
120.8,13.0,5.555605411529541,< 7-year
120.9,13.0,4.715212821960449,< 7-year
121.0,13.0,4.329197406768799,< 7-year
121.1,13.0,3.8274002075195312,< 7-year
121.2,13.0,3.533413887023926,< 7-year
121.3,13.0,4.593899250030518,< 7-year
121.4,13.0,6.395353317260742,< 7-year
123.0,13.0,14.685909271240234,< 7-year
123.1,13.0,14.868638038635252,< 7-year
123.5,13.0,6.0999579429626465,< 7-year
123.6,13.0,6.611809730529785,< 7-year
123.7,13.0,7.1394171714782715,< 7-year
123.8,13.0,8.12182331085205,< 7-year
123.9,13.0,9.37159252166748,< 7-year
124.0,13.0,10.6935977935791,< 7-year
124.1,13.0,11.948895454406738,< 7-year
120.8,12.9,5.8202667236328125,< 7-year
120.9,12.9,4.461058139801025,< 7-year
121.0,12.9,3.7677853107452393,< 7-year
121.1,12.9,3.4526731967926025,< 7-year
121.2,12.9,3.421231985092163,< 7-year
121.3,12.9,4.635325908660889,< 7-year
121.4,12.9,6.401791572570801,< 7-year
121.5,12.9,7.852381229400635,< 7-year
123.2,12.9,14.89579391479492,< 7-year
123.8,12.9,9.490682601928711,< 7-year
124.1,12.9,10.438899993896484,< 7-year
120.8,12.8,6.338398456573486,< 7-year
120.9,12.8,4.541574478149414,< 7-year
121.0,12.8,3.697734832763672,< 7-year
121.1,12.8,3.4168689250946045,< 7-year
121.2,12.8,3.3640265464782715,< 7-year
121.3,12.8,4.852633476257324,< 7-year
121.4,12.8,6.734814167022705,< 7-year
123.9,12.8,9.910335540771484,< 7-year
124.0,12.8,9.034206390380861,< 7-year
124.1,12.8,9.611626625061037,< 7-year
120.9,12.7,5.228599548339844,< 7-year
121.0,12.7,3.997169733047486,< 7-year
121.1,12.7,3.428924322128296,< 7-year
121.2,12.7,3.469975709915161,< 7-year
121.3,12.7,5.588597774505615,< 7-year
121.4,12.7,8.010793685913086,< 7-year
121.5,12.7,10.089544296264648,< 7-year
123.9,12.7,10.543580055236816,< 7-year
124.0,12.7,9.623587608337402,< 7-year
124.1,12.7,9.637969017028809,< 7-year
121.0,12.6,5.6407575607299805,< 7-year
121.1,12.6,4.753904819488525,< 7-year
121.2,12.6,4.5831522941589355,< 7-year
121.3,12.6,6.585111141204834,< 7-year
121.4,12.6,9.828334808349608,< 7-year
121.5,12.6,12.438840866088867,< 7-year
122.1,12.6,11.017664909362791,< 7-year
124.0,12.6,10.538468360900877,< 7-year
121.0,12.5,7.25421905517578,< 7-year
121.1,12.5,6.260097026824951,< 7-year
121.2,12.5,6.053262233734131,< 7-year
121.3,12.5,7.780070304870605,< 7-year
121.4,12.5,11.13714599609375,< 7-year
122.0,12.5,9.399101257324219,< 7-year
122.5,12.5,14.649748802185059,< 7-year
122.6,12.5,15.020208358764648,< 7-year
123.3,12.5,14.715423583984377,< 7-year
123.4,12.5,13.693503379821776,< 7-year
123.5,12.5,13.283901214599608,< 7-year
123.7,12.5,12.548768997192383,< 7-year
124.3,12.5,14.912019729614256,< 7-year
124.4,12.5,12.789786338806152,< 7-year
124.5,12.5,10.48867893218994,< 7-year
124.6,12.5,8.560598373413086,< 7-year
124.7,12.5,7.830177783966064,< 7-year
124.8,12.5,7.561868667602539,< 7-year
124.9,12.5,7.7572603225708,< 7-year
125.0,12.5,7.924936771392822,< 7-year
125.1,12.5,8.11219596862793,< 7-year
125.2,12.5,8.364684104919434,< 7-year
121.0,12.4,8.191299438476562,< 7-year
121.1,12.4,7.742798328399657,< 7-year
121.2,12.4,8.119680404663086,< 7-year
121.3,12.4,9.79299259185791,< 7-year
122.0,12.4,10.594947814941406,< 7-year
122.1,12.4,9.96804904937744,< 7-year
122.5,12.4,14.451947212219238,< 7-year
122.6,12.4,14.85124397277832,< 7-year
123.3,12.4,14.32466411590576,< 7-year
123.4,12.4,12.8405179977417,< 7-year
123.5,12.4,12.083907127380373,< 7-year
124.4,12.4,12.578210830688477,< 7-year
124.5,12.4,10.146769523620604,< 7-year
124.6,12.4,7.951261043548584,< 7-year
124.7,12.4,7.156426906585693,< 7-year
124.8,12.4,6.8080573081970215,< 7-year
124.9,12.4,6.66212272644043,< 7-year
125.0,12.4,6.834781169891357,< 7-year
125.1,12.4,7.086112022399902,< 7-year
125.2,12.4,7.551171302795409,< 7-year
119.9,12.3,15.932589530944824,< 7-year
121.2,12.3,10.810251235961914,< 7-year
122.0,12.3,11.602620124816895,< 7-year
123.3,12.3,13.564949989318848,< 7-year
123.4,12.3,11.708548545837402,< 7-year
123.5,12.3,10.574201583862305,< 7-year
123.6,12.3,9.937743186950685,< 7-year
123.7,12.3,9.838627815246582,< 7-year
124.4,12.3,12.487154960632324,< 7-year
124.5,12.3,9.766667366027832,< 7-year
124.6,12.3,7.431015968322754,< 7-year
124.7,12.3,6.480165004730225,< 7-year
124.8,12.3,5.885062217712402,< 7-year
124.9,12.3,5.698075294494629,< 7-year
125.0,12.3,5.932488441467285,< 7-year
125.1,12.3,6.224881649017334,< 7-year
125.2,12.3,6.726100921630859,< 7-year
125.3,12.3,7.904013633728027,< 7-year
119.9,12.2,16.008861541748047,< 7-year
120.0,12.2,16.08006477355957,< 7-year
122.0,12.2,12.491654396057127,< 7-year
123.3,12.2,13.331368446350096,< 7-year
123.4,12.2,11.783937454223633,< 7-year
123.6,12.2,9.309983253479006,< 7-year
123.7,12.2,9.193011283874512,< 7-year
123.8,12.2,9.48875617980957,< 7-year
123.9,12.2,10.106729507446287,< 7-year
124.4,12.2,11.942811965942383,< 7-year
124.5,12.2,9.889525413513184,< 7-year
124.6,12.2,7.352510929107666,< 7-year
124.7,12.2,6.352171897888184,< 7-year
124.8,12.2,5.4019951820373535,< 7-year
124.9,12.2,5.120251655578613,< 7-year
125.0,12.2,5.154750823974609,< 7-year
125.1,12.2,5.3460283279418945,< 7-year
125.2,12.2,5.924172401428223,< 7-year
125.3,12.2,7.379160404205321,< 7-year
125.4,12.2,9.050813674926756,< 7-year
125.5,12.2,10.61836528778076,< 7-year
120.0,12.1,15.891345024108887,< 7-year
120.1,12.1,16.027437210083008,< 7-year
120.2,12.1,15.452069282531738,< 7-year
120.3,12.1,15.087116241455078,< 7-year
123.3,12.1,14.055473327636719,< 7-year
123.7,12.1,10.570320129394531,< 7-year
123.8,12.1,10.601311683654783,< 7-year
123.9,12.1,11.610571861267088,< 7-year
124.5,12.1,11.249637603759764,< 7-year
124.6,12.1,9.171682357788084,< 7-year
124.7,12.1,7.508328914642334,< 7-year
124.8,12.1,5.968620777130127,< 7-year
124.9,12.1,5.124656677246094,< 7-year
125.0,12.1,5.101189136505127,< 7-year
125.1,12.1,5.1173415184021,< 7-year
125.2,12.1,5.650118350982666,< 7-year
125.3,12.1,6.81577205657959,< 7-year
125.4,12.1,7.845459461212158,< 7-year
123.2,12.0,15.700366020202637,< 7-year
123.8,12.0,12.056771278381348,< 7-year
123.9,12.0,12.722618103027344,< 7-year
124.0,12.0,13.961684226989746,< 7-year
124.7,12.0,7.996709823608398,< 7-year
124.8,12.0,6.560925006866455,< 7-year
124.9,12.0,5.8638410568237305,< 7-year
125.0,12.0,5.488205909729004,< 7-year
125.1,12.0,5.179727077484131,< 7-year
125.2,12.0,5.427639484405518,< 7-year
125.3,12.0,6.296486854553223,< 7-year
125.4,12.0,7.1643476486206055,< 7-year
122.0,11.9,14.030877113342283,< 7-year
123.8,11.9,13.41895580291748,< 7-year
123.9,11.9,13.644643783569336,< 7-year
124.0,11.9,14.22995376586914,< 7-year
124.8,11.9,7.941641330718993,< 7-year
124.9,11.9,6.649953842163086,< 7-year
125.0,11.9,5.92911958694458,< 7-year
125.1,11.9,5.383203983306885,< 7-year
125.2,11.9,5.363942623138428,< 7-year
125.3,11.9,6.011988639831543,< 7-year
121.9,11.8,14.05674171447754,< 7-year
122.0,11.8,13.306250572204588,< 7-year
122.1,11.8,12.318424224853516,< 7-year
122.2,11.8,11.401288986206055,< 7-year
124.3,11.8,16.73673629760742,< 7-year
124.9,11.8,8.977320671081543,< 7-year
125.0,11.8,7.324644565582275,< 7-year
125.1,11.8,5.986932277679443,< 7-year
125.2,11.8,5.5109663009643555,< 7-year
125.3,11.8,6.012434959411621,< 7-year
125.4,11.8,6.4431538581848145,< 7-year
120.0,11.7,14.63595962524414,< 7-year
122.1,11.7,11.66427993774414,< 7-year
122.2,11.7,10.872876167297363,< 7-year
122.3,11.7,10.00735855102539,< 7-year
122.4,11.7,9.709059715270996,< 7-year
125.0,11.7,8.855842590332031,< 7-year
125.1,11.7,7.154341697692871,< 7-year
125.2,11.7,5.775195598602295,< 7-year
125.3,11.7,5.993087291717529,< 7-year
125.4,11.7,6.332573413848877,< 7-year
122.2,11.6,8.990246772766113,< 7-year
122.3,11.6,7.969666957855224,< 7-year
122.7,11.6,10.955371856689451,< 7-year
124.5,11.6,13.802923202514648,< 7-year
125.1,11.6,7.354659080505371,< 7-year
125.2,11.6,5.96672248840332,< 7-year
125.3,11.6,5.888917922973633,< 7-year
125.4,11.6,6.166977405548096,< 7-year
122.1,11.5,7.529769420623779,< 7-year
122.2,11.5,6.390787124633789,< 7-year
122.3,11.5,5.441912651062012,< 7-year
122.4,11.5,5.760905742645264,< 7-year
122.5,11.5,7.164905071258545,< 7-year
122.6,11.5,8.368631362915039,< 7-year
122.7,11.5,9.067638397216797,< 7-year
122.8,11.5,9.533212661743164,< 7-year
123.1,11.5,12.799643516540527,< 7-year
124.4,11.5,15.399703025817873,< 7-year
124.5,11.5,13.27311325073242,< 7-year
124.9,11.5,9.040753364562988,< 7-year
125.0,11.5,8.03775691986084,< 7-year
125.1,11.5,6.603609085083008,< 7-year
125.2,11.5,5.8032002449035645,< 7-year
125.3,11.5,5.863206386566162,< 7-year
125.4,11.5,6.630273818969727,< 7-year
125.5,11.5,8.352012634277344,< 7-year
122.1,11.4,5.8831377029418945,< 7-year
122.2,11.4,4.417824745178223,< 7-year
122.3,11.4,3.234673023223877,< 7-year
122.4,11.4,3.888928890228271,< 7-year
122.5,11.4,5.020718097686768,< 7-year
122.6,11.4,6.134223461151123,< 7-year
122.7,11.4,6.590857982635497,< 7-year
122.8,11.4,7.328720569610595,< 7-year
122.9,11.4,8.269135475158691,< 7-year
123.0,11.4,10.040523529052734,< 7-year
123.1,11.4,11.967379570007324,< 7-year
124.3,11.4,16.546628952026367,< 7-year
124.4,11.4,15.130277633666992,< 7-year
124.5,11.4,13.820845603942873,< 7-year
124.9,11.4,7.722978591918945,< 7-year
125.0,11.4,6.849995136260986,< 7-year
125.1,11.4,6.094166278839111,< 7-year
125.2,11.4,6.786890983581543,< 7-year
125.3,11.4,7.187618732452393,< 7-year
125.4,11.4,7.6559834480285645,< 7-year
125.5,11.4,9.428937911987305,< 7-year
119.5,11.3,11.586681365966797,< 7-year
122.1,11.3,4.1390299797058105,< 7-year
122.2,11.3,2.9329323768615723,< 7-year
122.3,11.3,2.744004487991333,< 7-year
122.4,11.3,3.313047409057617,< 7-year
122.5,11.3,4.280876159667969,< 7-year
122.6,11.3,5.251498699188232,< 7-year
122.7,11.3,5.668810844421387,< 7-year
122.8,11.3,6.1564412117004395,< 7-year
122.9,11.3,6.832492828369141,< 7-year
123.0,11.3,8.792120933532715,< 7-year
123.1,11.3,10.513126373291016,< 7-year
124.4,11.3,14.973598480224608,< 7-year
124.5,11.3,13.520604133605955,< 7-year
124.6,11.3,11.711267471313477,< 7-year
124.7,11.3,9.697997093200685,< 7-year
124.8,11.3,8.057583808898926,< 7-year
124.9,11.3,6.921297073364258,< 7-year
125.2,11.3,9.433959007263184,< 7-year
125.3,11.3,9.67078685760498,< 7-year
125.4,11.3,9.917325973510742,< 7-year
125.5,11.3,11.23310661315918,< 7-year
119.5,11.2,9.64739990234375,< 7-year
122.1,11.2,3.4013772010803223,< 7-year
122.2,11.2,2.958146810531616,< 7-year
122.3,11.2,2.8116040229797363,< 7-year
122.4,11.2,3.306096315383911,< 7-year
122.5,11.2,4.122570991516113,< 7-year
122.6,11.2,4.920271396636963,< 7-year
122.7,11.2,5.389362335205078,< 7-year
122.8,11.2,5.868695259094238,< 7-year
122.9,11.2,6.5924763679504395,< 7-year
123.0,11.2,8.270540237426758,< 7-year
123.8,11.2,17.146263122558594,< 7-year
124.0,11.2,18.054618835449215,< 7-year
124.4,11.2,14.585171699523924,< 7-year
124.5,11.2,12.456787109375,< 7-year
124.6,11.2,10.396927833557127,< 7-year
124.7,11.2,8.658529281616211,< 7-year
124.8,11.2,7.198107719421387,< 7-year
124.9,11.2,7.178791046142578,< 7-year
125.0,11.2,8.893470764160156,< 7-year
125.2,11.2,12.484139442443848,< 7-year
125.3,11.2,12.739458084106444,< 7-year
125.4,11.2,12.810912132263184,< 7-year
125.5,11.2,13.843106269836424,< 7-year
119.5,11.1,8.52922248840332,< 7-year
122.1,11.1,3.7462103366851807,< 7-year
122.2,11.1,3.260538101196289,< 7-year
122.3,11.1,2.8545868396759033,< 7-year
122.4,11.1,3.2373368740081787,< 7-year
122.5,11.1,3.9281926155090336,< 7-year
122.6,11.1,4.609543323516846,< 7-year
122.7,11.1,5.119874477386475,< 7-year
122.8,11.1,5.644711971282959,< 7-year
122.9,11.1,6.904597282409668,< 7-year
124.4,11.1,14.396187782287596,< 7-year
124.5,11.1,12.594714164733887,< 7-year
124.6,11.1,10.706948280334473,< 7-year
124.7,11.1,9.164671897888184,< 7-year
124.8,11.1,7.946538448333741,< 7-year
124.9,11.1,8.117720603942871,< 7-year
125.0,11.1,10.551281929016112,< 7-year
125.5,11.1,15.290241241455078,< 7-year
119.4,11.0,9.066344261169432,< 7-year
122.1,11.0,4.031733989715576,< 7-year
122.2,11.0,3.464585542678833,< 7-year
122.3,11.0,2.9020438194274902,< 7-year
122.4,11.0,2.991346597671509,< 7-year
122.5,11.0,3.566880464553833,< 7-year
122.6,11.0,4.156190395355225,< 7-year
122.7,11.0,4.790133476257324,< 7-year
122.8,11.0,5.7165398597717285,< 7-year
124.0,11.0,18.254409790039062,< 7-year
124.5,11.0,13.316827774047852,< 7-year
124.6,11.0,11.682032585144045,< 7-year
124.7,11.0,9.984699249267578,< 7-year
124.8,11.0,8.452731132507324,< 7-year
124.9,11.0,8.40605640411377,< 7-year
125.0,11.0,11.16143798828125,< 7-year
119.4,10.9,8.614635467529297,< 7-year
119.5,10.9,7.376524448394776,< 7-year
122.0,10.9,5.269735336303711,< 7-year
122.1,10.9,4.369555950164795,< 7-year
122.2,10.9,3.7461483478546143,< 7-year
122.3,10.9,3.1532204151153564,< 7-year
122.4,10.9,3.163416862487793,< 7-year
122.5,10.9,3.338148832321167,< 7-year
122.6,10.9,4.073474407196045,< 7-year
122.7,10.9,5.42379093170166,< 7-year
123.2,10.9,8.496343612670898,< 7-year
123.3,10.9,9.421114921569824,< 7-year
123.4,10.9,10.725224494934082,< 7-year
124.0,10.9,17.63344383239746,< 7-year
124.5,10.9,14.297382354736328,< 7-year
124.8,10.9,9.074089050292969,< 7-year
124.9,10.9,8.343539237976074,< 7-year
125.0,10.9,10.777113914489746,< 7-year
119.3,10.8,10.779229164123535,< 7-year
119.4,10.8,9.026976585388184,< 7-year
119.5,10.8,6.361504077911377,< 7-year
122.0,10.8,5.912959575653076,< 7-year
122.1,10.8,4.796324729919434,< 7-year
122.2,10.8,4.302713394165039,< 7-year
122.3,10.8,3.8101015090942383,< 7-year
122.4,10.8,3.6182961463928223,< 7-year
122.5,10.8,4.106503009796143,< 7-year
123.0,10.8,8.327347755432129,< 7-year
123.1,10.8,7.306355476379395,< 7-year
123.2,10.8,6.743838310241699,< 7-year
123.3,10.8,8.015292167663574,< 7-year
123.4,10.8,9.48154067993164,< 7-year
123.5,10.8,11.0095157623291,< 7-year
123.9,10.8,15.514227867126465,< 7-year
124.0,10.8,16.819286346435547,< 7-year
124.9,10.8,9.656903266906738,< 7-year
119.4,10.7,7.770395755767822,< 7-year
119.5,10.7,6.514716148376465,< 7-year
119.6,10.7,7.374434471130371,< 7-year
122.0,10.7,6.635960102081299,< 7-year
122.1,10.7,5.860206604003906,< 7-year
122.2,10.7,5.85437536239624,< 7-year
122.3,10.7,5.417225360870361,< 7-year
122.4,10.7,5.156747817993164,< 7-year
122.5,10.7,5.73383092880249,< 7-year
122.6,10.7,6.657230854034424,< 7-year
122.7,10.7,6.765361309051514,< 7-year
123.0,10.7,6.995337009429932,< 7-year
123.1,10.7,5.909934043884277,< 7-year
123.2,10.7,5.917324542999268,< 7-year
123.3,10.7,7.551434993743896,< 7-year
123.4,10.7,9.610140800476074,< 7-year
123.5,10.7,10.961014747619627,< 7-year
123.9,10.7,14.655545234680176,< 7-year
124.8,10.7,10.21506118774414,< 7-year
124.9,10.7,8.52116584777832,< 7-year
125.0,10.7,9.610647201538084,< 7-year
125.8,10.7,17.265735626220703,< 7-year
119.4,10.6,7.760738849639893,< 7-year
119.5,10.6,6.440611362457275,< 7-year
119.6,10.6,7.47993564605713,< 7-year
119.8,10.6,12.255203247070312,< 7-year
119.9,10.6,12.870487213134764,< 7-year
122.0,10.6,7.688148975372315,< 7-year
122.5,10.6,8.896286964416504,< 7-year
122.6,10.6,8.71166706085205,< 7-year
122.7,10.6,8.509231567382812,< 7-year
122.9,10.6,7.027708530426025,< 7-year
123.0,10.6,5.981470584869385,< 7-year
123.1,10.6,4.887668609619141,< 7-year
123.2,10.6,5.199280261993408,< 7-year
123.3,10.6,7.429168701171875,< 7-year
123.4,10.6,9.914813995361328,< 7-year
123.7,10.6,10.505301475524902,< 7-year
123.8,10.6,11.824012756347656,< 7-year
123.9,10.6,13.733380317687988,< 7-year
124.0,10.6,15.505324363708496,< 7-year
124.8,10.6,9.030771255493164,< 7-year
124.9,10.6,7.792482376098634,< 7-year
125.0,10.6,7.8926520347595215,< 7-year
125.1,10.6,8.306604385375977,< 7-year
119.3,10.5,9.10730838775635,< 7-year
119.4,10.5,7.83289670944214,< 7-year
119.5,10.5,7.060235977172852,< 7-year
119.6,10.5,7.585904598236083,< 7-year
119.8,10.5,11.910491943359377,< 7-year
119.9,10.5,12.577780723571776,< 7-year
122.0,10.5,8.6608304977417,< 7-year
122.5,10.5,10.07985496520996,< 7-year
122.6,10.5,10.243349075317383,< 7-year
122.7,10.5,9.710928916931152,< 7-year
122.8,10.5,7.91494607925415,< 7-year
122.9,10.5,7.282777786254883,< 7-year
123.0,10.5,5.66623067855835,< 7-year
123.1,10.5,4.618825435638428,< 7-year
123.2,10.5,5.183135509490967,< 7-year
123.3,10.5,7.527975082397461,< 7-year
123.4,10.5,9.709470748901367,< 7-year
123.8,10.5,11.013373374938965,< 7-year
123.9,10.5,13.177000999450684,< 7-year
124.0,10.5,15.55231475830078,< 7-year
124.8,10.5,10.44566822052002,< 7-year
124.9,10.5,7.319608211517334,< 7-year
125.0,10.5,6.931638240814209,< 7-year
125.1,10.5,6.675931453704834,< 7-year
119.1,10.4,7.719070434570312,< 7-year
119.2,10.4,8.090594291687012,< 7-year
119.3,10.4,8.146869659423828,< 7-year
119.4,10.4,7.982377529144286,< 7-year
119.5,10.4,7.840586185455321,< 7-year
122.9,10.4,7.010594844818115,< 7-year
123.0,10.4,5.684285640716553,< 7-year
123.1,10.4,5.288931846618652,< 7-year
123.2,10.4,5.872617244720459,< 7-year
123.3,10.4,8.094528198242188,< 7-year
123.7,10.4,10.166828155517578,< 7-year
123.8,10.4,10.997221946716309,< 7-year
123.9,10.4,13.156234741210936,< 7-year
124.0,10.4,15.0017671585083,< 7-year
124.8,10.4,10.432433128356932,< 7-year
124.9,10.4,7.68639612197876,< 7-year
125.0,10.4,7.201990127563477,< 7-year
125.1,10.4,6.92292594909668,< 7-year
125.2,10.4,8.088603973388672,< 7-year
125.6,10.4,16.922788619995117,< 7-year
119.0,10.3,6.893613338470459,< 7-year
119.1,10.3,7.099428653717041,< 7-year
119.2,10.3,7.386223316192627,< 7-year
119.3,10.3,7.589161396026611,< 7-year
122.9,10.3,6.892663478851318,< 7-year
123.0,10.3,5.6952433586120605,< 7-year
123.1,10.3,6.096176624298096,< 7-year
123.2,10.3,6.920382499694824,< 7-year
123.3,10.3,8.924880981445312,< 7-year
123.6,10.3,11.396429061889648,< 7-year
123.7,10.3,10.590669631958008,< 7-year
123.8,10.3,11.069196701049805,< 7-year
124.8,10.3,10.531593322753906,< 7-year
124.9,10.3,7.737953186035157,< 7-year
125.1,10.3,7.297459602355957,< 7-year
125.2,10.3,8.427769660949707,< 7-year
125.6,10.3,17.043699264526367,< 7-year
118.8,10.2,8.157445907592773,< 7-year
119.0,10.2,7.307317256927489,< 7-year
119.1,10.2,7.553783893585205,< 7-year
119.2,10.2,7.83804178237915,< 7-year
122.9,10.2,6.385259628295898,< 7-year
123.0,10.2,5.56756591796875,< 7-year
123.1,10.2,5.8483052253723145,< 7-year
123.2,10.2,6.39121150970459,< 7-year
123.3,10.2,8.139451026916504,< 7-year
123.6,10.2,10.973406791687012,< 7-year
123.7,10.2,10.357653617858887,< 7-year
124.9,10.2,9.217148780822754,< 7-year
125.6,10.2,17.022605895996094,< 7-year
118.9,10.1,8.511859893798828,< 7-year
119.0,10.1,8.759462356567383,< 7-year
119.1,10.1,8.962248802185059,< 7-year
119.2,10.1,9.130785942077637,< 7-year
122.9,10.1,5.657021522521973,< 7-year
123.0,10.1,5.012959957122803,< 7-year
123.1,10.1,5.066305637359619,< 7-year
123.2,10.1,5.324278831481934,< 7-year
123.5,10.1,9.133727073669432,< 7-year
123.6,10.1,9.650602340698242,< 7-year
124.2,10.1,12.040267944335936,< 7-year
124.3,10.1,12.529621124267578,< 7-year
124.4,10.1,13.514461517333984,7-year
125.2,10.1,12.403753280639648,< 7-year
125.6,10.1,16.504810333251953,< 7-year
118.8,10.0,8.178871154785156,< 7-year
118.9,10.0,9.27057933807373,< 7-year
119.0,10.0,10.007166862487791,< 7-year
119.1,10.0,10.110111236572264,< 7-year
122.8,10.0,6.769040584564209,< 7-year
122.9,10.0,5.462629795074463,< 7-year
123.0,10.0,5.126427173614503,< 7-year
123.1,10.0,5.059831142425537,< 7-year
123.2,10.0,4.878589630126953,< 7-year
123.4,10.0,6.405282497406006,< 7-year
123.5,10.0,7.177730560302734,< 7-year
123.6,10.0,8.31231689453125,< 7-year
124.1,10.0,8.87728214263916,< 7-year
124.2,10.0,9.115971565246582,< 7-year
124.3,10.0,9.428060531616211,< 7-year
124.4,10.0,11.085036277770996,< 7-year
124.5,10.0,13.107265472412108,< 7-year
125.2,10.0,14.26102352142334,< 7-year
125.6,10.0,16.56033706665039,< 7-year
118.6,9.9,6.550253868103027,< 7-year
118.7,9.9,6.598911762237549,< 7-year
122.4,9.9,12.189749717712402,< 7-year
122.5,9.9,10.59651470184326,< 7-year
122.6,9.9,8.6016206741333,< 7-year
122.7,9.9,7.317977905273437,< 7-year
122.8,9.9,6.3474907875061035,< 7-year
122.9,9.9,5.546512126922607,< 7-year
123.0,9.9,5.5691094398498535,< 7-year
123.1,9.9,5.660942077636719,< 7-year
123.4,9.9,5.23996114730835,< 7-year
123.5,9.9,6.030577182769775,< 7-year
123.6,9.9,7.423338890075684,< 7-year
123.9,9.9,8.46385383605957,< 7-year
124.0,9.9,7.632108688354493,< 7-year
124.1,9.9,7.185423851013184,< 7-year
124.2,9.9,7.2994933128356925,< 7-year
124.3,9.9,7.536238193511963,< 7-year
124.4,9.9,9.488309860229492,< 7-year
124.5,9.9,11.788699150085447,< 7-year
125.6,9.9,14.834326744079588,< 7-year
126.0,9.9,16.697463989257812,< 7-year
118.6,9.8,6.555527687072754,< 7-year
118.7,9.8,5.829965114593506,< 7-year
122.5,9.8,9.691760063171387,< 7-year
122.6,9.8,7.354282379150391,< 7-year
122.7,9.8,6.41901159286499,< 7-year
122.8,9.8,6.0880208015441895,< 7-year
122.9,9.8,6.023834705352783,< 7-year
123.0,9.8,6.1342902183532715,< 7-year
123.1,9.8,6.2974748611450195,< 7-year
123.4,9.8,5.256866455078125,< 7-year
123.5,9.8,5.35686731338501,< 7-year
123.9,9.8,8.102387428283691,< 7-year
124.0,9.8,6.801327705383301,< 7-year
124.1,9.8,6.34082555770874,< 7-year
124.2,9.8,6.330599308013916,< 7-year
124.3,9.8,6.811585426330566,< 7-year
124.4,9.8,8.54684066772461,< 7-year
124.5,9.8,10.887901306152344,< 7-year
126.0,9.8,16.56692886352539,< 7-year
126.1,9.8,16.07059097290039,< 7-year
118.4,9.7,8.635005950927734,< 7-year
118.5,9.7,7.508429527282715,< 7-year
118.6,9.7,6.3544745445251465,< 7-year
118.7,9.7,6.0452728271484375,< 7-year
122.5,9.7,9.297654151916506,< 7-year
122.6,9.7,7.392441749572754,< 7-year
122.7,9.7,6.4842119216918945,< 7-year
122.8,9.7,6.1595845222473145,< 7-year
122.9,9.7,6.412848949432373,< 7-year
123.0,9.7,6.573007583618164,< 7-year
123.1,9.7,6.937631607055664,< 7-year
123.4,9.7,5.726588249206543,< 7-year
123.9,9.7,7.691668510437011,< 7-year
124.0,9.7,6.29566764831543,< 7-year
124.1,9.7,5.958608150482178,< 7-year
124.2,9.7,6.186678886413574,< 7-year
124.3,9.7,6.47140645980835,< 7-year
124.4,9.7,7.950472354888915,< 7-year
125.5,9.7,9.801390647888184,< 7-year
118.4,9.6,7.746524333953857,< 7-year
118.5,9.6,6.917450428009033,< 7-year
118.6,9.6,6.437250137329102,< 7-year
118.7,9.6,6.2718963623046875,< 7-year
122.5,9.6,9.353815078735352,< 7-year
122.6,9.6,8.39379596710205,< 7-year
122.7,9.6,7.5339789390563965,< 7-year
122.8,9.6,6.865816593170166,< 7-year
122.9,9.6,6.688976764678955,< 7-year
123.0,9.6,6.470132350921631,< 7-year
123.1,9.6,6.593164443969727,< 7-year
123.3,9.6,5.926816940307617,< 7-year
123.4,9.6,5.93984317779541,< 7-year
123.8,9.6,9.101354598999023,< 7-year
125.4,9.6,9.23588562011719,< 7-year
125.5,9.6,9.353288650512695,< 7-year
125.6,9.6,10.238906860351562,< 7-year
125.7,9.6,10.9417724609375,< 7-year
118.3,9.5,7.617470741271973,< 7-year
118.4,9.5,6.485135078430176,< 7-year
118.5,9.5,6.418400287628174,< 7-year
118.6,9.5,6.636068344116211,< 7-year
122.6,9.5,9.734748840332031,< 7-year
122.7,9.5,8.809948921203613,< 7-year
122.8,9.5,7.837833404541016,< 7-year
122.9,9.5,6.9888916015625,< 7-year
123.0,9.5,6.317814350128174,< 7-year
123.1,9.5,5.910215854644775,< 7-year
123.4,9.5,5.93756866455078,< 7-year
125.5,9.5,9.532167434692383,< 7-year
125.6,9.5,9.598387718200685,< 7-year
125.7,9.5,9.755825996398924,< 7-year
125.8,9.5,10.472110748291016,< 7-year
118.2,9.4,7.578009605407715,< 7-year
118.3,9.4,6.518124103546143,< 7-year
118.4,9.4,5.665923595428467,< 7-year
118.5,9.4,6.226640701293945,< 7-year
122.8,9.4,8.633161544799805,< 7-year
122.9,9.4,7.451889991760255,< 7-year
123.0,9.4,6.440793991088867,< 7-year
123.1,9.4,5.449868679046631,< 7-year
123.2,9.4,4.670548915863037,< 7-year
125.6,9.4,8.8671236038208,< 7-year
125.7,9.4,8.286052703857422,< 7-year
125.8,9.4,8.69930648803711,< 7-year
125.9,9.4,9.073440551757812,< 7-year
118.1,9.3,7.484986305236816,< 7-year
118.2,9.3,6.768723011016846,< 7-year
118.3,9.3,6.154824256896973,< 7-year
118.4,9.3,5.9024658203125,< 7-year
122.9,9.3,7.860298156738281,< 7-year
123.0,9.3,6.755573749542236,< 7-year
123.1,9.3,5.647166728973389,< 7-year
123.2,9.3,4.736743927001953,< 7-year
123.3,9.3,5.317067623138428,< 7-year
125.6,9.3,7.87222146987915,< 7-year
125.7,9.3,6.886711597442627,< 7-year
125.8,9.3,7.019234657287598,< 7-year
125.9,9.3,7.418185234069824,< 7-year
117.9,9.2,5.977267265319824,< 7-year
118.0,9.2,6.270619869232178,< 7-year
118.1,9.2,6.686618804931641,< 7-year
118.2,9.2,6.486086368560791,< 7-year
122.9,9.2,8.303862571716309,< 7-year
123.0,9.2,7.27301788330078,< 7-year
123.1,9.2,6.178237438201904,< 7-year
123.2,9.2,5.552611827850342,< 7-year
123.5,9.2,9.272963523864746,< 7-year
123.6,9.2,9.521932601928711,< 7-year
124.7,9.2,10.890213012695312,< 7-year
124.8,9.2,11.02476978302002,< 7-year
125.6,9.2,7.058697700500488,< 7-year
125.7,9.2,5.683870792388916,< 7-year
125.8,9.2,5.435889720916748,< 7-year
125.9,9.2,5.413112640380859,< 7-year
126.0,9.2,5.320645809173584,< 7-year
126.1,9.2,4.690608501434326,< 7-year
117.8,9.1,5.430893898010254,< 7-year
117.9,9.1,5.095364570617676,< 7-year
118.0,9.1,5.42751932144165,< 7-year
123.0,9.1,7.867148399353027,< 7-year
123.1,9.1,6.938181400299072,< 7-year
123.6,9.1,9.784195899963379,< 7-year
125.6,9.1,6.1493239402771,< 7-year
125.7,9.1,4.9504570960998535,< 7-year
125.8,9.1,4.342945098876953,7-year
125.9,9.1,4.055346488952637,< 7-year
126.0,9.1,3.9037833213806152,< 7-year
126.1,9.1,3.266343355178833,< 7-year
117.6,9.0,6.190967559814453,< 7-year
117.7,9.0,5.684099197387695,< 7-year
117.8,9.0,4.706528186798096,< 7-year
117.9,9.0,4.686933517456055,< 7-year
118.0,9.0,5.329486846923828,< 7-year
125.3,9.0,5.2712016105651855,< 7-year
125.4,9.0,5.6003031730651855,< 7-year
125.6,9.0,5.236879348754883,< 7-year
125.7,9.0,4.422787666320801,< 7-year
125.8,9.0,4.078871726989746,< 7-year
125.9,9.0,4.008966445922852,< 7-year
126.0,9.0,4.016711711883545,< 7-year
126.1,9.0,3.7145345211029057,< 7-year
126.2,9.0,3.3947203159332275,< 7-year
117.5,8.9,5.341104984283447,< 7-year
117.6,8.9,4.821426868438721,< 7-year
117.7,8.9,4.28668975830078,< 7-year
117.8,8.9,3.755116701126098,< 7-year
117.9,8.9,4.196126461029053,< 7-year
118.0,8.9,5.187933921813965,< 7-year
124.8,8.9,4.998841762542725,< 7-year
124.9,8.9,4.572117328643799,< 7-year
125.0,8.9,3.8525657653808594,< 7-year
125.2,8.9,3.140735626220703,< 7-year
125.3,8.9,3.6493232250213623,< 7-year
125.4,8.9,4.467077732086182,< 7-year
125.5,8.9,4.631626605987549,< 7-year
125.6,8.9,4.261255741119385,< 7-year
125.7,8.9,4.0195841789245605,< 7-year
125.8,8.9,3.882367849349976,< 7-year
125.9,8.9,3.971147298812866,< 7-year
126.0,8.9,4.186633586883545,< 7-year
126.1,8.9,4.190064430236816,< 7-year
126.2,8.9,4.175950050354004,< 7-year
126.3,8.9,4.371147632598877,< 7-year
117.5,8.8,5.005659103393555,< 7-year
117.6,8.8,4.488459587097168,< 7-year
117.7,8.8,4.373220920562744,< 7-year
117.8,8.8,4.182353973388672,< 7-year
117.9,8.8,4.208248138427734,< 7-year
124.9,8.8,3.1413562297821045,< 7-year
125.0,8.8,2.7262656688690186,< 7-year
125.1,8.8,2.5112013816833496,< 7-year
125.2,8.8,2.1326582431793213,< 7-year
125.3,8.8,2.436110258102417,< 7-year
125.4,8.8,3.480139970779419,< 7-year
125.5,8.8,3.7618680000305176,< 7-year
125.6,8.8,3.5989789962768555,< 7-year
125.7,8.8,3.608636140823364,< 7-year
125.8,8.8,3.580601453781128,< 7-year
125.9,8.8,3.783556461334229,< 7-year
126.0,8.8,4.156850337982178,< 7-year
126.1,8.8,4.4618024826049805,< 7-year
126.2,8.8,4.829615592956543,< 7-year
126.3,8.8,4.8658552169799805,< 7-year
117.4,8.7,5.875668048858643,< 7-year
117.5,8.7,5.566981315612793,< 7-year
117.6,8.7,5.519348621368408,< 7-year
123.5,8.7,7.828237056732178,< 7-year
124.8,8.7,3.0623221397399902,< 7-year
124.9,8.7,2.6872644424438477,< 7-year
125.0,8.7,2.662236452102661,< 7-year
125.1,8.7,2.864710569381714,< 7-year
125.2,8.7,2.642674684524536,< 7-year
125.3,8.7,2.149977445602417,< 7-year
125.4,8.7,2.6434805393218994,< 7-year
125.5,8.7,2.9218943119049072,< 7-year
125.6,8.7,2.938154935836792,< 7-year
125.7,8.7,3.095691204071045,< 7-year
125.8,8.7,3.1770520210266113,< 7-year
125.9,8.7,3.4422383308410645,< 7-year
126.0,8.7,3.9605650901794434,< 7-year
126.1,8.7,4.619786739349365,< 7-year
117.4,8.6,6.010247230529785,< 7-year
117.5,8.6,6.052487850189209,< 7-year
123.4,8.6,7.047404766082764,< 7-year
123.5,8.6,6.475314140319824,< 7-year
123.6,8.6,7.220175743103027,< 7-year
123.7,8.6,8.236024856567383,< 7-year
124.8,8.6,2.6448192596435547,< 7-year
124.9,8.6,2.298633098602295,< 7-year
125.0,8.6,2.6246283054351807,< 7-year
125.1,8.6,3.1860153675079346,< 7-year
125.2,8.6,3.1241047382354736,< 7-year
125.3,8.6,2.29341721534729,< 7-year
125.4,8.6,1.9363971948623655,< 7-year
125.5,8.6,2.161611318588257,< 7-year
125.6,8.6,2.3968775272369385,< 7-year
125.7,8.6,2.6788551807403564,< 7-year
125.8,8.6,2.7691311836242676,< 7-year
125.9,8.6,3.1108193397521973,< 7-year
126.0,8.6,3.781848430633545,< 7-year
126.1,8.6,4.852900981903076,< 7-year
117.2,8.5,7.330864906311035,< 7-year
117.3,8.5,6.539330959320068,< 7-year
117.4,8.5,6.260830402374268,< 7-year
123.1,8.5,7.600637435913087,< 7-year
123.3,8.5,6.046920299530029,< 7-year
123.4,8.5,5.730279922485352,< 7-year
123.5,8.5,5.058722972869873,< 7-year
123.6,8.5,5.685980796813965,< 7-year
123.7,8.5,6.626491546630859,< 7-year
123.8,8.5,6.382025718688965,< 7-year
124.3,8.5,5.532625675201416,< 7-year
124.4,8.5,5.408791542053223,< 7-year
124.5,8.5,4.561319351196289,< 7-year
124.7,8.5,2.4424145221710205,< 7-year
124.8,8.5,2.373530626296997,< 7-year
124.9,8.5,2.522136688232422,< 7-year
125.0,8.5,2.8599932193756104,< 7-year
125.1,8.5,3.4942872524261475,< 7-year
125.2,8.5,3.4595587253570557,< 7-year
125.3,8.5,2.573916435241699,< 7-year
125.4,8.5,1.8062721490859983,< 7-year
125.5,8.5,1.7658547163009644,< 7-year
125.6,8.5,1.9920716285705569,< 7-year
125.7,8.5,2.220794439315796,< 7-year
125.8,8.5,2.4074130058288574,< 7-year
125.9,8.5,2.780653238296509,< 7-year
126.0,8.5,3.42261266708374,< 7-year
126.1,8.5,4.54334020614624,< 7-year
126.2,8.5,5.766633987426758,< 7-year
126.3,8.5,6.7176313400268555,< 7-year
123.1,8.4,6.874547481536865,< 7-year
123.2,8.4,6.131919860839844,< 7-year
123.3,8.4,5.287471771240234,< 7-year
123.4,8.4,4.451676368713379,< 7-year
123.5,8.4,3.8911542892456055,< 7-year
123.6,8.4,3.6865196228027344,< 7-year
123.7,8.4,4.19810676574707,< 7-year
123.8,8.4,4.502060890197754,< 7-year
124.3,8.4,4.250727653503418,< 7-year
124.4,8.4,3.6085147857666016,< 7-year
124.5,8.4,3.1040360927581787,< 7-year
124.6,8.4,2.7517120838165283,< 7-year
124.7,8.4,2.5301973819732666,< 7-year
124.8,8.4,2.732477903366089,< 7-year
124.9,8.4,2.962740421295166,< 7-year
125.0,8.4,3.471793413162231,< 7-year
125.1,8.4,3.936732530593872,< 7-year
125.2,8.4,3.7711431980133057,< 7-year
125.3,8.4,2.892910957336426,< 7-year
125.4,8.4,2.096404790878296,< 7-year
125.5,8.4,1.9513540267944336,< 7-year
125.6,8.4,2.0390417575836186,< 7-year
125.7,8.4,2.1298260688781734,< 7-year
125.8,8.4,2.2842090129852295,< 7-year
125.9,8.4,2.5295515060424805,< 7-year
126.0,8.4,2.9142987728118896,< 7-year
126.1,8.4,3.953659057617187,< 7-year
126.2,8.4,4.995837688446045,< 7-year
126.3,8.4,5.747157096862793,< 7-year
117.3,8.3,7.996147155761719,< 7-year
123.0,8.3,6.46774959564209,< 7-year
123.1,8.3,5.90725040435791,< 7-year
123.2,8.3,5.007533073425293,< 7-year
123.3,8.3,4.119539737701416,< 7-year
123.4,8.3,3.3982279300689697,< 7-year
123.5,8.3,3.048112154006958,< 7-year
123.6,8.3,3.0077106952667236,< 7-year
123.7,8.3,2.950955390930176,< 7-year
123.8,8.3,3.0993082523345947,< 7-year
124.3,8.3,3.2053282260894775,< 7-year
124.4,8.3,3.1576123237609863,< 7-year
124.5,8.3,3.1128101348876953,< 7-year
124.6,8.3,3.0853235721588135,< 7-year
124.7,8.3,3.0453779697418213,< 7-year
124.8,8.3,3.0305562019348145,< 7-year
124.9,8.3,3.792834997177124,< 7-year
125.0,8.3,4.085456371307373,< 7-year
125.1,8.3,4.372903823852539,12-year
125.2,8.3,4.095721244812012,8-year
125.3,8.3,3.1464364528656006,< 7-year
125.4,8.3,2.5139760971069336,< 7-year
125.5,8.3,2.3682100772857666,< 7-year
125.6,8.3,2.3066515922546387,< 7-year
125.7,8.3,2.2708802223205566,< 7-year
125.8,8.3,2.349823236465454,< 7-year
125.9,8.3,2.469942569732666,< 7-year
126.0,8.3,2.6971607208251953,< 7-year
126.1,8.3,3.4395461082458496,< 7-year
126.2,8.3,4.287634372711182,< 7-year
126.3,8.3,4.8512396812438965,< 7-year
123.0,8.2,5.617778778076172,< 7-year
123.1,8.2,4.870230674743652,< 7-year
123.2,8.2,4.207008361816406,< 7-year
123.3,8.2,3.5014705657958984,< 7-year
123.4,8.2,3.01749324798584,< 7-year
123.5,8.2,2.891737461090088,< 7-year
123.6,8.2,2.9226694107055664,< 7-year
123.7,8.2,2.9680304527282715,< 7-year
123.8,8.2,3.017007112503052,< 7-year
124.1,8.2,3.528451442718506,< 7-year
124.2,8.2,3.5021021366119385,< 7-year
124.3,8.2,3.627197504043579,< 7-year
124.4,8.2,3.6295001506805424,< 7-year
124.5,8.2,3.611028671264648,< 7-year
124.6,8.2,3.5965585708618164,< 7-year
124.7,8.2,3.1640970706939697,< 7-year
124.8,8.2,3.2888574600219727,< 7-year
124.9,8.2,3.98370909690857,< 7-year
125.0,8.2,4.05099630355835,< 7-year
125.1,8.2,4.086264610290527,10-year
125.2,8.2,3.769459009170532,< 7-year
125.3,8.2,3.1500320434570312,< 7-year
125.4,8.2,2.852989435195923,< 7-year
125.5,8.2,2.6368210315704346,< 7-year
125.6,8.2,2.454942226409912,< 7-year
125.7,8.2,2.3007285594940186,< 7-year
125.8,8.2,2.333320140838623,< 7-year
125.9,8.2,2.460604429244995,< 7-year
126.0,8.2,2.6989128589630127,< 7-year
126.1,8.2,3.239917993545532,< 7-year
126.2,8.2,3.8307938575744633,< 7-year
126.3,8.2,4.20810079574585,< 7-year
126.4,8.2,3.687678098678589,< 7-year
117.0,8.1,8.605881690979004,< 7-year
122.8,8.1,5.453200340270996,< 7-year
122.9,8.1,5.047025680541992,< 7-year
123.0,8.1,4.555649280548096,< 7-year
123.1,8.1,4.086674213409424,< 7-year
123.2,8.1,3.6272902488708496,< 7-year
123.3,8.1,3.109602928161621,< 7-year
123.4,8.1,2.8592164516448975,< 7-year
123.5,8.1,3.091282606124878,< 7-year
123.6,8.1,3.1162302494049072,< 7-year
123.7,8.1,3.1477067470550537,< 7-year
123.8,8.1,3.2442336082458496,< 7-year
124.0,8.1,3.432332992553711,< 7-year
124.1,8.1,3.6485400199890137,< 7-year
124.2,8.1,3.9316036701202393,< 7-year
124.3,8.1,4.177631855010986,< 7-year
124.4,8.1,4.179346561431885,< 7-year
124.5,8.1,4.123062610626221,< 7-year
124.6,8.1,3.93912935256958,< 7-year
124.7,8.1,3.2316298484802246,< 7-year
124.8,8.1,3.5922923088073726,< 7-year
124.9,8.1,3.9714148044586186,< 7-year
125.0,8.1,3.7550544738769527,< 7-year
125.1,8.1,3.658546924591065,< 7-year
125.2,8.1,3.5397884845733643,< 7-year
125.3,8.1,3.383927345275879,< 7-year
125.4,8.1,3.2879254817962646,< 7-year
125.5,8.1,2.851928949356079,< 7-year
125.6,8.1,2.5400781631469727,< 7-year
125.7,8.1,2.2677719593048096,< 7-year
125.8,8.1,2.3384249210357666,< 7-year
125.9,8.1,2.5832574367523193,< 7-year
126.0,8.1,2.884551763534546,< 7-year
126.1,8.1,3.178762912750244,< 7-year
126.2,8.1,3.469770908355713,< 7-year
126.3,8.1,3.4898264408111572,< 7-year
126.4,8.1,3.1444568634033203,< 7-year
117.0,8.0,8.191337585449219,< 7-year
122.3,8.0,6.211819648742676,< 7-year
122.4,8.0,5.791151523590088,< 7-year
122.5,8.0,5.499477386474609,< 7-year
122.6,8.0,5.213992118835449,< 7-year
122.7,8.0,4.846639156341553,< 7-year
122.8,8.0,4.448957920074463,< 7-year
122.9,8.0,4.0933732986450195,< 7-year
123.0,8.0,3.8048136234283447,< 7-year
123.1,8.0,3.527674913406372,< 7-year
123.2,8.0,3.220643997192383,< 7-year
123.3,8.0,2.9103212356567383,< 7-year
123.4,8.0,3.1148014068603516,< 7-year
123.5,8.0,3.588602066040039,< 7-year
123.6,8.0,3.6044845581054688,< 7-year
123.7,8.0,3.5996253490448,< 7-year
123.8,8.0,3.445495128631592,< 7-year
123.9,8.0,3.501657009124756,< 7-year
124.0,8.0,3.594062566757202,< 7-year
124.1,8.0,3.8347597122192383,< 7-year
124.2,8.0,4.152284145355225,< 7-year
124.3,8.0,4.447188854217529,< 7-year
124.4,8.0,4.475498199462891,< 7-year
124.5,8.0,4.441640853881836,< 7-year
124.6,8.0,4.302053451538086,< 7-year
124.7,8.0,3.4224965572357178,< 7-year
124.8,8.0,3.664284229278565,< 7-year
124.9,8.0,3.827181100845337,7-year
125.0,8.0,3.6313071250915527,< 7-year
125.1,8.0,3.48074722290039,< 7-year
125.2,8.0,3.4177675247192383,< 7-year
125.3,8.0,3.4380578994750977,< 7-year
125.4,8.0,3.5028507709503174,< 7-year
125.5,8.0,3.035609245300293,< 7-year
125.6,8.0,2.5093019008636475,< 7-year
125.7,8.0,2.1752114295959473,< 7-year
125.8,8.0,2.3313119411468506,< 7-year
125.9,8.0,2.638061285018921,< 7-year
126.0,8.0,2.9364895820617676,< 7-year
126.1,8.0,3.0170860290527344,< 7-year
126.2,8.0,3.10746693611145,< 7-year
126.3,8.0,2.9616148471832275,< 7-year
117.0,7.9,7.930160999298096,< 7-year
122.3,7.9,6.030765056610107,< 7-year
122.4,7.9,5.517665386199951,< 7-year
122.5,7.9,5.31358003616333,< 7-year
122.6,7.9,5.111097812652588,< 7-year
122.7,7.9,4.788441181182861,< 7-year
122.8,7.9,4.305182933807373,< 7-year
122.9,7.9,4.062633991241455,< 7-year
123.0,7.9,3.8873338699340816,< 7-year
123.1,7.9,3.7287604808807377,< 7-year
123.2,7.9,3.5137932300567627,< 7-year
123.3,7.9,3.3844170570373535,< 7-year
123.4,7.9,3.9448561668396,< 7-year
123.5,7.9,4.425310134887695,< 7-year
123.6,7.9,4.272630214691162,< 7-year
123.7,7.9,4.258141040802002,< 7-year
123.8,7.9,3.878916025161743,< 7-year
123.9,7.9,3.393519878387451,< 7-year
124.0,7.9,3.2545535564422607,< 7-year
124.1,7.9,3.355552911758423,< 7-year
124.2,7.9,3.568517684936523,< 7-year
124.3,7.9,3.7887029647827153,< 7-year
124.4,7.9,3.9050052165985103,< 7-year
124.5,7.9,4.031158447265625,< 7-year
124.6,7.9,3.9536213874816895,< 7-year
124.7,7.9,3.2457315921783447,< 7-year
124.8,7.9,2.931817531585694,< 7-year
124.9,7.9,2.9003734588623047,< 7-year
125.0,7.9,2.8695266246795654,< 7-year
125.1,7.9,2.8726017475128174,< 7-year
125.2,7.9,2.951582193374634,< 7-year
125.3,7.9,2.975024461746216,< 7-year
125.4,7.9,3.0132598876953125,< 7-year
125.5,7.9,2.5923655033111572,< 7-year
125.6,7.9,2.083920478820801,< 7-year
125.7,7.9,2.184830904006958,< 7-year
125.8,7.9,2.0191383361816406,< 7-year
125.9,7.9,2.2660911083221436,< 7-year
126.0,7.9,2.6552495956420894,< 7-year
126.1,7.9,2.6414926052093506,< 7-year
126.2,7.9,2.6626431941986084,< 7-year
126.3,7.9,2.3265647888183594,< 7-year
122.1,7.8,7.722771644592285,< 7-year
122.2,7.8,6.808530807495117,< 7-year
122.3,7.8,5.870752811431885,< 7-year
122.4,7.8,5.356716632843018,< 7-year
122.5,7.8,5.272262096405029,< 7-year
122.6,7.8,5.324521064758301,< 7-year
122.7,7.8,4.987930774688721,< 7-year
122.8,7.8,4.67538595199585,< 7-year
122.9,7.8,4.368119239807129,< 7-year
123.0,7.8,4.274148464202881,< 7-year
123.1,7.8,4.246047019958496,< 7-year
123.2,7.8,4.212808609008789,< 7-year
123.3,7.8,4.421042442321777,< 7-year
123.4,7.8,5.179689884185791,< 7-year
123.7,7.8,4.852041244506836,< 7-year
123.8,7.8,4.548170566558838,< 7-year
123.9,7.8,3.8227047920227046,< 7-year
124.0,7.8,3.2636702060699463,< 7-year
124.1,7.8,2.9550962448120117,< 7-year
124.2,7.8,2.8628106117248535,< 7-year
124.3,7.8,3.1121933460235596,< 7-year
124.4,7.8,3.2842886447906494,< 7-year
124.5,7.8,3.4883663654327393,< 7-year
124.6,7.8,3.690076112747192,< 7-year
124.7,7.8,3.253612518310547,< 7-year
124.8,7.8,2.957977771759033,< 7-year
124.9,7.8,2.82279372215271,< 7-year
125.0,7.8,2.9013068675994873,< 7-year
125.1,7.8,3.1931409835815434,< 7-year
125.2,7.8,3.289982557296753,< 7-year
125.3,7.8,3.073689222335815,< 7-year
125.4,7.8,2.8985800743103027,< 7-year
125.5,7.8,2.3758251667022705,< 7-year
125.6,7.8,1.9170033931732176,< 7-year
125.7,7.8,2.1866137981414795,< 7-year
125.8,7.8,1.977515697479248,< 7-year
125.9,7.8,1.9936991930007937,< 7-year
126.0,7.8,2.3007750511169434,< 7-year
126.1,7.8,2.2434163093566895,< 7-year
126.2,7.8,2.237443447113037,< 7-year
126.3,7.8,1.9514552354812624,< 7-year
126.4,7.8,2.414207696914673,< 7-year
122.2,7.7,6.743767738342285,< 7-year
122.3,7.7,5.656158447265625,< 7-year
122.4,7.7,5.183012962341309,< 7-year
122.5,7.7,5.210620880126953,< 7-year
122.9,7.7,4.734766006469727,< 7-year
123.0,7.7,4.666536808013916,< 7-year
123.1,7.7,4.7438859939575195,< 7-year
123.2,7.7,4.855220794677734,< 7-year
123.3,7.7,5.22418737411499,< 7-year
123.4,7.7,6.066283226013184,< 7-year
123.5,7.7,6.839799404144287,< 7-year
123.9,7.7,4.062926769256592,< 7-year
124.0,7.7,3.5853004455566406,< 7-year
124.1,7.7,3.1583707332611084,< 7-year
124.2,7.7,2.8435287475585938,< 7-year
124.3,7.7,2.7088191509246826,< 7-year
124.4,7.7,2.8425192832946777,< 7-year
124.5,7.7,3.133819341659546,< 7-year
124.6,7.7,3.4177165031433105,< 7-year
124.7,7.7,3.19209623336792,< 7-year
124.8,7.7,3.151742458343506,< 7-year
124.9,7.7,3.216890811920166,< 7-year
125.0,7.7,3.27179217338562,< 7-year
125.1,7.7,3.4477577209472656,< 7-year
125.2,7.7,3.460813522338867,< 7-year
125.3,7.7,3.1298327445983887,< 7-year
125.4,7.7,2.8297648429870605,< 7-year
125.5,7.7,2.212404489517212,< 7-year
125.6,7.7,1.797876238822937,< 7-year
125.7,7.7,2.152477741241455,< 7-year
125.8,7.7,1.8938719034194944,< 7-year
125.9,7.7,1.9022520780563352,< 7-year
126.0,7.7,2.4464733600616455,< 7-year
126.1,7.7,1.931219458580017,< 7-year
126.2,7.7,1.9489732980728147,< 7-year
126.3,7.7,1.7290151119232178,< 7-year
126.4,7.7,2.388507604598999,< 7-year
126.5,7.7,3.4121108055114746,< 7-year
122.2,7.6,6.394586563110352,< 7-year
122.3,7.6,5.528545379638672,< 7-year
122.4,7.6,5.243852138519287,< 7-year
122.9,7.6,5.537902355194092,< 7-year
123.0,7.6,4.968967914581299,< 7-year
123.2,7.6,5.309017658233643,< 7-year
123.3,7.6,5.4452996253967285,< 7-year
123.4,7.6,5.762983322143555,< 7-year
124.1,7.6,3.7343010902404785,< 7-year
124.2,7.6,3.247174024581909,< 7-year
124.3,7.6,2.7406277656555176,< 7-year
124.4,7.6,2.8053369522094727,< 7-year
124.5,7.6,3.0362422466278076,< 7-year
124.6,7.6,3.317326784133911,< 7-year
124.7,7.6,3.0422275066375732,< 7-year
124.8,7.6,3.082318067550659,< 7-year
124.9,7.6,3.254498243331909,< 7-year
125.0,7.6,3.2642178535461426,< 7-year
125.1,7.6,3.308706521987915,< 7-year
125.2,7.6,3.318481206893921,< 7-year
125.3,7.6,3.0553696155548096,< 7-year
125.4,7.6,2.8530066013336186,< 7-year
125.5,7.6,2.154538631439209,< 7-year
125.6,7.6,1.6847723722457886,< 7-year
125.7,7.6,2.14285945892334,< 7-year
125.8,7.6,1.732871413230896,< 7-year
125.9,7.6,1.6465485095977783,< 7-year
126.0,7.6,2.065501928329468,< 7-year
126.1,7.6,1.8616601228713987,< 7-year
126.2,7.6,1.9841228723526,< 7-year
126.3,7.6,1.8448034524917605,< 7-year
126.4,7.6,1.761335015296936,< 7-year
126.5,7.6,2.718797445297241,< 7-year
122.1,7.5,7.184694290161133,< 7-year
122.2,7.5,6.454095840454102,< 7-year
122.3,7.5,5.836951732635497,< 7-year
123.3,7.5,6.831645488739014,< 7-year
123.4,7.5,6.87199592590332,< 7-year
124.2,7.5,3.939783573150635,< 7-year
124.3,7.5,3.135249614715576,< 7-year
124.4,7.5,3.119281053543091,< 7-year
124.5,7.5,3.141455888748169,< 7-year
124.6,7.5,3.212193012237549,< 7-year
124.7,7.5,2.884969711303711,< 7-year
124.8,7.5,3.029433250427246,< 7-year
124.9,7.5,3.28853178024292,< 7-year
125.0,7.5,3.2548723220825195,< 7-year
125.1,7.5,3.2903339862823486,< 7-year
125.2,7.5,3.1862969398498535,< 7-year
125.3,7.5,2.991560935974121,< 7-year
125.4,7.5,3.076859474182129,< 7-year
125.5,7.5,2.2025129795074463,< 7-year
125.6,7.5,1.7424397468566897,< 7-year
125.7,7.5,2.4311769008636475,< 7-year
125.8,7.5,1.7532519102096558,< 7-year
125.9,7.5,1.4015474319458008,< 7-year
126.0,7.5,1.9961953163146973,< 7-year
126.1,7.5,1.8921459913253784,< 7-year
126.2,7.5,2.0881154537200928,< 7-year
126.3,7.5,2.023472785949707,< 7-year
126.4,7.5,1.2965383529663086,< 7-year
126.5,7.5,2.282782793045044,< 7-year
126.6,7.5,2.3110172748565674,< 7-year
122.1,7.4,6.558163642883301,< 7-year
122.2,7.4,6.0864410400390625,< 7-year
122.3,7.4,6.02383279800415,< 7-year
122.8,7.4,8.02591323852539,< 7-year
123.4,7.4,7.443902015686035,< 7-year
124.2,7.4,4.274680137634277,< 7-year
124.3,7.4,3.6565783023834233,< 7-year
124.4,7.4,3.5285325050354004,< 7-year
124.5,7.4,3.4780917167663574,< 7-year
124.6,7.4,3.3759806156158447,< 7-year
124.7,7.4,3.023366689682007,< 7-year
124.8,7.4,3.0172789096832275,< 7-year
124.9,7.4,3.1854541301727295,< 7-year
125.0,7.4,2.9497268199920654,< 7-year
125.1,7.4,3.0540771484375,< 7-year
125.2,7.4,3.0458459854125977,< 7-year
125.3,7.4,3.0499212741851807,< 7-year
125.4,7.4,3.1361019611358643,< 7-year
125.5,7.4,2.0943031311035156,< 7-year
125.6,7.4,2.1468098163604736,< 7-year
125.7,7.4,2.935056686401367,< 7-year
125.8,7.4,1.9526289701461792,< 7-year
125.9,7.4,1.2060332298278809,< 7-year
126.0,7.4,1.749498963356018,< 7-year
126.1,7.4,1.8584452867507937,< 7-year
126.2,7.4,2.1102373600006104,< 7-year
126.3,7.4,1.9167280197143557,< 7-year
126.4,7.4,1.0802839994430542,< 7-year
126.5,7.4,1.9216299057006836,< 7-year
116.9,7.3,8.48291301727295,< 7-year
117.1,7.3,8.664839744567871,< 7-year
117.2,7.3,8.587517738342285,< 7-year
122.1,7.3,5.370753765106201,< 7-year
122.2,7.3,5.186315059661865,< 7-year
124.2,7.3,4.5019755363464355,< 7-year
124.3,7.3,4.117522239685059,< 7-year
124.4,7.3,4.010162830352783,< 7-year
124.5,7.3,3.9472386837005615,< 7-year
124.6,7.3,3.841717481613159,< 7-year
124.7,7.3,3.3377943038940434,< 7-year
124.8,7.3,3.0614869594573975,< 7-year
124.9,7.3,3.025151252746582,< 7-year
125.0,7.3,2.929581642150879,< 7-year
125.1,7.3,3.1157684326171875,< 7-year
125.2,7.3,3.177133083343506,< 7-year
125.3,7.3,2.9851579666137695,< 7-year
125.4,7.3,2.799172878265381,< 7-year
125.5,7.3,1.7145254611968994,< 7-year
125.6,7.3,2.5589396953582764,< 7-year
125.7,7.3,3.2832024097442627,< 7-year
125.9,7.3,1.5851105451583862,< 7-year
126.0,7.3,1.6245218515396118,< 7-year
126.1,7.3,1.7858585119247437,< 7-year
126.2,7.3,2.0192816257476807,< 7-year
126.3,7.3,1.968161463737488,< 7-year
126.4,7.3,1.696893572807312,< 7-year
126.5,7.3,2.4309771060943604,< 7-year
126.6,7.3,3.536310911178589,< 7-year
117.1,7.2,8.78693675994873,< 7-year
117.2,7.2,8.74493408203125,< 7-year
122.0,7.2,4.827866077423096,< 7-year
122.1,7.2,4.430491924285889,< 7-year
122.2,7.2,4.537735939025879,< 7-year
124.2,7.2,5.073645114898682,< 7-year
124.3,7.2,4.590675354003906,< 7-year
124.4,7.2,4.478391170501709,< 7-year
124.5,7.2,4.40751314163208,< 7-year
124.6,7.2,4.224895477294922,< 7-year
124.7,7.2,3.7032196521759033,< 7-year
124.8,7.2,3.2904675006866455,< 7-year
124.9,7.2,3.2029080390930176,< 7-year
125.0,7.2,3.1261181831359863,< 7-year
125.1,7.2,3.342571258544922,< 7-year
125.2,7.2,3.3170158863067627,< 7-year
125.3,7.2,2.903367280960083,< 7-year
125.4,7.2,2.5157408714294434,< 7-year
125.5,7.2,2.151389837265014,< 7-year
125.6,7.2,3.0104048252105713,< 7-year
126.0,7.2,2.0541696548461914,< 7-year
126.1,7.2,1.8787248134613037,< 7-year
126.2,7.2,2.0294883251190186,< 7-year
126.3,7.2,2.205698013305664,< 7-year
126.4,7.2,2.7363548278808594,< 7-year
126.5,7.2,3.699870586395264,< 7-year
122.0,7.1,5.231795787811279,< 7-year
122.1,7.1,4.847545146942139,< 7-year
122.2,7.1,4.638444900512695,< 7-year
124.1,7.1,5.576266765594482,< 7-year
124.2,7.1,4.745377540588379,< 7-year
124.3,7.1,4.650982856750488,< 7-year
124.4,7.1,4.569037437438965,< 7-year
124.5,7.1,4.480789661407471,< 7-year
124.6,7.1,4.329978942871094,< 7-year
124.7,7.1,3.706986427307129,< 7-year
124.8,7.1,3.1194512844085693,< 7-year
124.9,7.1,2.8383591175079346,< 7-year
125.0,7.1,2.9530017375946045,< 7-year
125.1,7.1,3.3052797317504883,< 7-year
125.2,7.1,3.287316083908081,< 7-year
125.3,7.1,2.846914291381836,< 7-year
125.4,7.1,2.415947437286377,< 7-year
125.5,7.1,2.2431998252868652,< 7-year
125.6,7.1,3.142230987548828,< 7-year
125.7,7.1,4.305828094482422,< 7-year
125.9,7.1,2.2066705226898193,< 7-year
126.0,7.1,2.2256124019622803,< 7-year
126.1,7.1,2.1407542228698726,< 7-year
126.2,7.1,2.4513707160949707,< 7-year
126.3,7.1,3.0993454456329346,< 7-year
126.4,7.1,3.7620611190795894,< 7-year
117.1,7.0,8.457343101501465,< 7-year
122.0,7.0,6.340685844421387,< 7-year
122.1,7.0,6.062739849090576,< 7-year
122.2,7.0,6.236639976501465,< 7-year
124.0,7.0,4.629359722137451,< 7-year
124.1,7.0,4.377902984619141,< 7-year
124.2,7.0,4.447510242462158,< 7-year
124.3,7.0,4.504133224487305,< 7-year
124.4,7.0,4.451319217681885,< 7-year
124.5,7.0,4.367947101593018,7-year
124.6,7.0,4.1699042320251465,< 7-year
124.7,7.0,3.61579704284668,< 7-year
124.8,7.0,2.987712144851685,< 7-year
124.9,7.0,2.6405792236328125,< 7-year
125.0,7.0,2.8233864307403564,< 7-year
125.1,7.0,3.136383295059204,< 7-year
125.2,7.0,3.210984945297241,< 7-year
125.3,7.0,2.82002854347229,< 7-year
125.4,7.0,2.4384138584136963,< 7-year
125.5,7.0,1.9101563692092896,< 7-year
125.8,7.0,3.8471405506134033,< 7-year
126.0,7.0,2.4134230613708496,< 7-year
126.1,7.0,2.725369691848755,< 7-year
126.2,7.0,3.5136518478393555,< 7-year
126.3,7.0,4.179347038269043,< 7-year
116.7,6.9,5.692793846130371,< 7-year
116.8,6.9,6.21290922164917,< 7-year
117.1,6.9,8.137802124023438,< 7-year
117.2,6.9,8.337851524353027,< 7-year
122.1,6.9,6.928724765777588,< 7-year
124.0,6.9,3.9223713874816895,< 7-year
124.1,6.9,3.9670128822326656,< 7-year
124.2,6.9,4.160523414611816,< 7-year
124.3,6.9,4.3472900390625,< 7-year
124.4,6.9,4.322067737579346,8-year
124.5,6.9,4.267233371734619,14-year
124.6,6.9,4.174404621124268,10-year
124.7,6.9,3.663219928741455,10-year
124.8,6.9,3.1120777130126953,< 7-year
124.9,6.9,2.744251012802124,< 7-year
125.0,6.9,2.945277690887451,< 7-year
125.1,6.9,3.1804447174072266,< 7-year
125.2,6.9,3.198417901992798,< 7-year
125.3,6.9,2.9242165088653564,< 7-year
125.4,6.9,2.652451992034912,< 7-year
126.1,6.9,4.1654558181762695,< 7-year
126.3,6.9,5.673240661621094,< 7-year
124.1,6.8,3.672028064727783,< 7-year
124.2,6.8,3.8689486980438232,< 7-year
124.3,6.8,4.075258731842041,< 7-year
124.4,6.8,4.0202789306640625,7-year
124.5,6.8,3.937287569046021,17-year
124.6,6.8,3.8328139781951904,13-year
124.7,6.8,3.4788410663604736,12-year
124.8,6.8,3.1118357181549072,< 7-year
124.9,6.8,2.8980045318603516,< 7-year
125.0,6.8,3.0387182235717773,8-year
125.1,6.8,3.304598569869995,7-year
125.2,6.8,3.4306137561798096,7-year
125.3,6.8,3.257504463195801,< 7-year
125.4,6.8,3.078321695327759,< 7-year
126.1,6.8,4.926599979400635,< 7-year
126.2,6.8,5.529621601104736,< 7-year
122.0,6.7,6.279773712158203,< 7-year
122.1,6.7,6.10407018661499,< 7-year
124.1,6.7,3.5684773921966553,< 7-year
124.2,6.7,3.5800294876098633,< 7-year
124.3,6.7,3.7434883117675786,< 7-year
124.4,6.7,3.6396639347076416,< 7-year
124.5,6.7,3.5067734718322754,15-year
124.6,6.7,3.4160394668579106,13-year
124.7,6.7,3.216625690460205,14-year
124.8,6.7,3.1226112842559814,9-year
124.9,6.7,3.122322797775269,< 7-year
125.0,6.7,3.1827406883239746,9-year
125.1,6.7,3.474602699279785,11-year
125.2,6.7,3.6989538669586186,11-year
125.3,6.7,3.648402690887451,7-year
126.1,6.7,5.141201019287109,< 7-year
126.2,6.7,5.68884801864624,< 7-year
121.9,6.6,6.845753192901611,< 7-year
122.0,6.6,6.015241622924805,< 7-year
122.1,6.6,5.711448669433594,< 7-year
122.2,6.6,6.3241729736328125,< 7-year
124.1,6.6,3.8388478755950928,< 7-year
124.2,6.6,3.451401710510254,< 7-year
124.3,6.6,3.66387391090393,< 7-year
124.4,6.6,3.3813867568969727,< 7-year
124.5,6.6,3.167414426803589,10-year
124.6,6.6,3.0174672603607178,< 7-year
124.7,6.6,3.053457736968994,12-year
124.8,6.6,3.2746641635894775,9-year
124.9,6.6,3.41137433052063,8-year
125.0,6.6,3.3726987838745117,10-year
125.1,6.6,3.614434957504273,12-year
125.2,6.6,3.8780605792999263,12-year
125.3,6.6,3.9116451740264897,8-year
126.1,6.6,5.368517875671387,< 7-year
126.2,6.6,5.803552627563477,< 7-year
122.0,6.5,6.606518745422363,< 7-year
122.1,6.5,6.326601028442383,< 7-year
122.2,6.5,6.740711212158203,< 7-year
124.1,6.5,4.2009382247924805,< 7-year
124.2,6.5,3.819304943084717,< 7-year
124.3,6.5,3.838564872741699,< 7-year
124.4,6.5,3.518237352371216,< 7-year
124.5,6.5,3.1615118980407715,9-year
124.6,6.5,2.846565008163452,< 7-year
124.7,6.5,2.9201667308807373,12-year
124.8,6.5,3.230918884277344,15-year
124.9,6.5,3.4870765209198,12-year
125.0,6.5,3.3727543354034424,11-year
125.1,6.5,3.5280497074127197,11-year
125.2,6.5,3.731635570526123,9-year
125.3,6.5,3.77525782585144,< 7-year
125.4,6.5,3.85014271736145,< 7-year
125.5,6.5,2.924674272537231,< 7-year
125.6,6.5,2.6298763751983643,< 7-year
126.2,6.5,5.169938087463379,< 7-year
122.0,6.4,7.285402297973632,< 7-year
124.1,6.4,4.6792802810668945,< 7-year
124.2,6.4,4.400225639343262,< 7-year
124.3,6.4,4.270459175109863,< 7-year
124.4,6.4,3.7833023071289062,7-year
124.5,6.4,3.221118211746216,< 7-year
124.6,6.4,2.766860008239746,< 7-year
124.7,6.4,2.8060779571533203,7-year
124.8,6.4,3.169261932373047,12-year
124.9,6.4,3.4594955444335938,13-year
125.0,6.4,3.329667329788208,10-year
125.1,6.4,3.381108283996582,< 7-year
125.2,6.4,3.5837817192077637,< 7-year
125.3,6.4,3.6210451126098633,< 7-year
125.4,6.4,3.6707673072814946,< 7-year
125.5,6.4,2.8182764053344727,< 7-year
120.6,6.3,8.774466514587402,< 7-year
124.2,6.3,5.134920597076416,< 7-year
124.3,6.3,4.792370796203613,< 7-year
124.4,6.3,4.188568115234375,8-year
124.5,6.3,3.5096280574798584,< 7-year
124.6,6.3,3.14036226272583,< 7-year
124.7,6.3,2.8552615642547607,< 7-year
124.8,6.3,3.0821454524993896,< 7-year
124.9,6.3,3.331116199493408,9-year
125.0,6.3,3.1679413318634033,< 7-year
125.1,6.3,3.2968361377716064,< 7-year
125.2,6.3,3.4602794647216797,< 7-year
125.3,6.3,3.4630212783813477,< 7-year
125.4,6.3,3.4816739559173584,< 7-year
125.5,6.3,2.6997249126434326,< 7-year
125.6,6.3,2.793168067932129,< 7-year
124.3,6.2,5.54571008682251,< 7-year
124.4,6.2,4.955733776092529,< 7-year
124.5,6.2,4.133212089538574,< 7-year
124.6,6.2,3.5106210708618164,< 7-year
124.7,6.2,3.240489959716797,< 7-year
124.8,6.2,3.1519689559936523,< 7-year
124.9,6.2,3.1639206409454346,< 7-year
125.0,6.2,3.133754253387451,< 7-year
125.1,6.2,3.2926185131073,< 7-year
125.2,6.2,3.4234116077423096,< 7-year
125.3,6.2,3.3523659706115723,< 7-year
125.4,6.2,3.2689616680145264,< 7-year
125.5,6.2,2.5976526737213135,< 7-year
125.6,6.2,2.461803913116455,< 7-year
125.7,6.2,3.1093821525573726,< 7-year
121.0,6.1,8.677872657775879,< 7-year
121.1,6.1,8.763319969177246,< 7-year
124.5,6.1,4.836823463439941,< 7-year
124.6,6.1,4.112273693084717,< 7-year
124.7,6.1,3.792824506759643,< 7-year
124.8,6.1,3.5576133728027344,8-year
124.9,6.1,3.374462366104126,< 7-year
125.0,6.1,3.361243486404419,< 7-year
125.1,6.1,3.50126314163208,< 7-year
125.3,6.1,3.5200159549713135,< 7-year
125.4,6.1,3.3701465129852295,< 7-year
125.5,6.1,2.7061102390289307,< 7-year
125.6,6.1,2.793738603591919,< 7-year
125.7,6.1,3.3931174278259277,< 7-year
120.9,6.0,8.428352355957031,< 7-year
121.0,6.0,8.4862060546875,< 7-year
121.1,6.0,8.574583053588867,< 7-year
121.4,6.0,8.448753356933594,< 7-year
124.6,6.0,4.952680587768555,< 7-year
124.7,6.0,4.746704578399658,< 7-year
124.8,6.0,4.736823081970215,< 7-year
124.9,6.0,4.557594299316406,< 7-year
125.0,6.0,4.466543674468994,< 7-year
125.1,6.0,4.514795780181885,< 7-year
125.4,6.0,3.9830355644226074,< 7-year
125.5,6.0,3.3922693729400635,< 7-year
125.6,6.0,3.7206516265869145,< 7-year
120.9,5.9,8.332476615905762,< 7-year
124.8,5.9,6.0071611404418945,< 7-year
124.9,5.9,6.81003475189209,< 7-year
125.0,5.9,6.591538906097412,< 7-year
125.1,5.9,6.296652793884277,< 7-year
125.2,5.9,6.52268123626709,< 7-year
125.3,5.9,5.576320648193359,< 7-year
125.4,5.9,4.934573650360107,< 7-year
125.5,5.9,4.754272937774658,< 7-year
125.6,5.9,5.2375807762146,< 7-year
125.3,5.8,7.028997421264648,< 7-year
125.4,5.8,6.181290149688721,< 7-year
125.5,5.8,6.079678535461426,< 7-year
125.3,5.7,7.813689708709717,< 7-year
125.4,5.7,7.505462646484374,< 7-year
125.3,5.6,9.434762001037598,< 7-year
125.4,5.6,9.007163047790527,< 7-year
118.9,5.4,3.545410633087158,< 7-year
119.0,5.4,4.214845180511475,< 7-year
119.1,5.4,4.983646392822266,< 7-year
119.2,5.4,5.70914363861084,< 7-year
118.9,5.3,2.8842294216156006,< 7-year
119.0,5.3,3.374464273452759,< 7-year
119.1,5.3,4.140631675720215,< 7-year
119.2,5.3,4.812188625335693,< 7-year
120.2,5.3,6.278802394866943,< 7-year
118.9,5.2,3.2211291790008545,< 7-year
119.0,5.2,3.5896425247192383,< 7-year
119.1,5.2,4.241565704345703,< 7-year
119.2,5.2,4.903665542602539,< 7-year
120.2,5.2,6.276839256286621,< 7-year
118.9,5.1,3.8618347644805904,< 7-year
119.0,5.1,4.225174903869629,< 7-year
119.8,5.1,5.503056049346924,< 7-year
119.9,5.1,5.658505439758301,< 7-year
