tc_sid,max_wind_speed,start_time,end_time,SID,Name
1998285N12149,2.5622391700744629,1998-10-20 21:00:00,1998-10-23 12:00:00,1998285N12149,BABS
2011159N13122,2.3832955360412602,2011-06-08 00:00:00,2011-06-09 06:00:00,2011159N13122,SARIKA
1993322N09137,2.5889887809753418,1993-11-19 21:00:00,1993-11-21 15:00:00,1993322N09137,KYLE
2024145N08130,2.1780331134796143,2024-05-24 09:00:00,2024-05-27 03:00:00,2024145N08130,EWINIAR
1998281N11151,3.0939099788665771,1998-10-13 21:00:00,1998-10-15 06:00:00,1998281N11151,ZEB
1991257N16130,3.3482279777526855,1991-09-15 21:00:00,1991-09-16 03:00:00,1991257N16130,NAT
2022232N18131,2.7440586090087891,2022-08-22 18:00:00,2022-08-23 12:00:00,2022232N18131,MA-ON
1983282N09155,2.5027160644531250,1983-10-13 21:00:00,1983-10-15 06:00:00,1983282N09155,KIM
1980349N10138,1.8610717058181765,1980-12-21 18:00:00,1980-12-24 00:00:00,1980349N10138,ED
2013217N11118,0.2935486733913422,2013-08-05 00:00:00,2013-08-05 00:00:00,2013217N11118,MANGKHUT
1996227N08156,1.6447032690048218,1996-08-19 12:00:00,1996-08-20 00:00:00,1996227N08156,NIKI
2024245N12129,2.8987205028533936,2024-09-01 00:00:00,2024-09-03 00:00:00,2024245N12129,YAGI
1980296N05165,3.3200447559356689,1980-11-04 00:00:00,1980-11-06 00:00:00,1980296N05165,BETTY
1989153N04144,2.0807201862335205,1989-06-05 18:00:00,1989-06-07 03:00:00,1989153N04144,DOT
1983301N11119,1.7170358896255491,1983-10-27 18:00:00,1983-10-27 21:00:00,1983301N11119,UNNAMED
2024313N10169,2.2081007957458496,2024-11-16 03:00:00,2024-11-17 18:00:00,2024313N10169,MAN-YI
2013001N04141,1.9645320177078247,2013-01-02 15:00:00,2013-01-04 00:00:00,2013001N04141,SONAMU
1998259N17118,2.6811921596527100,1998-09-17 00:00:00,1998-09-19 15:00:00,1998259N17118,VICKI
2021132N06132,1.6284376382827761,2021-05-13 12:00:00,2021-05-14 18:00:00,2021132N06132,UNNAMED
2024314N07151,2.0241174697875977,2024-11-13 21:00:00,2024-11-14 18:00:00,2024314N07151,USAGI
1992174N13126,3.3724727630615230,1992-06-21 18:00:00,1992-06-23 18:00:00,1992174N13126,CHUCK
2012296N06135,1.6924445629119873,2012-10-23 21:00:00,2012-10-25 06:00:00,2012296N06135,SON-TINH
1983279N04140,2.2898755073547363,1983-10-10 06:00:00,1983-10-11 09:00:00,1983279N04140,JOE
2018358N07140,1.9488458633422852,2018-12-28 18:00:00,2018-12-29 18:00:00,2018358N07140,UNNAMED
2005311N08140,2.0688700675964355,2005-11-10 00:00:00,2005-11-11 03:00:00,2005311N08140,TEMBIN
2006209N13130,2.9024071693420410,2006-07-30 15:00:00,2006-07-31 21:00:00,2006209N13130,PRAPIROON
1994181N17137,2.2944655418395996,1994-07-01 18:00:00,1994-07-02 06:00:00,1994181N17137,UNNAMED
1995148N07150,2.7640807628631592,1995-06-01 15:00:00,1995-06-03 09:00:00,1995148N07150,DEANNA
2015069N04173,2.8371076583862305,2015-03-20 12:00:00,2015-03-21 12:00:00,2015069N04173,BAVI
2001309N10130,4.5824637413024902,2001-11-06 06:00:00,2001-11-08 21:00:00,2001309N10130,LINGLING
1989279N07151,2.6592388153076172,1989-10-10 06:00:00,1989-10-11 03:00:00,1989279N07151,DAN
1983317N12153,1.7353748083114624,1983-11-26 21:00:00,1983-11-27 00:00:00,1983317N12153,ORCHID
1982077N04161,2.4059650897979736,1982-03-25 03:00:00,1982-03-27 21:00:00,1982077N04161,NELSON
1983167N05145,2.1699883937835693,1983-06-21 09:00:00,1983-06-22 15:00:00,1983167N05145,SARAH
2021148N05142,2.6510846614837646,2021-06-01 06:00:00,2021-06-03 00:00:00,2021148N05142,CHOI-WAN
1995293N05177,3.2157180309295654,1995-11-02 06:00:00,1995-11-03 09:00:00,1995293N05177,ANGELA
1986179N11175,2.9429950714111328,1986-07-08 15:00:00,1986-07-09 18:00:00,1986179N11175,PEGGY
2020285N17120,2.6943402290344238,2020-10-11 00:00:00,2020-10-11 09:00:00,2020285N17120,NANGKA
1981176N08150,2.2071113586425781,1981-06-30 06:00:00,1981-07-01 09:00:00,1981176N08150,KELLY
2009196N14129,2.8129155635833740,2009-07-17 03:00:00,2009-07-17 09:00:00,2009196N14129,MOLAVE
1995262N04161,2.4308056831359863,1995-09-25 03:00:00,1995-09-26 09:00:00,1995262N04161,UNNAMED
1993331N05172,2.4394533634185791,1993-12-04 21:00:00,1993-12-06 09:00:00,1993331N05172,LOLA
2018294N08161,2.2206532955169682,2018-10-29 18:00:00,2018-10-30 12:00:00,2018294N08161,YUTU
2017291N09116,4.0331258773803711,2017-10-19 12:00:00,2017-10-20 00:00:00,2017291N09116,UNNAMED
1993224N07153,2.0295748710632324,1993-08-17 15:00:00,1993-08-18 03:00:00,1993224N07153,TASHA
1996312N14125,4.7379603385925293,1996-11-06 12:00:00,1996-11-13 00:00:00,1996312N14125,ERNIE
2019071N04161,1.5732761621475220,2019-03-18 15:00:00,2019-03-19 12:00:00,2019071N04161,UNNAMED
1996058N06137,4.8478713035583496,1996-02-29 03:00:00,1996-03-02 00:00:00,1996058N06137,UNNAMED
1993298N11154,2.4178535938262939,1993-11-01 03:00:00,1993-11-02 00:00:00,1993298N11154,IRA
1993096N08148,1.8849753141403200,1993-04-13 00:00:00,1993-04-14 12:00:00,1993096N08148,UNNAMED
1983321N11111,2.5114996433258057,1983-11-23 12:00:00,1983-11-25 00:00:00,1983321N11111,PERCY
2023101N14127,2.3700037002563477,2023-04-11 09:00:00,2023-04-13 06:00:00,2023101N14127,UNNAMED
1982190N09148,2.2471327781677246,1982-07-14 09:00:00,1982-07-15 15:00:00,1982190N09148,WINONA
1983239N10183,1.8428711891174316,1983-09-06 06:00:00,1983-09-07 00:00:00,1983239N10183,ELLEN
2022099N11128,4.8045725822448730,2022-04-09 06:00:00,2022-04-12 21:00:00,2022099N11128,MEGI
2017104N11130,1.9503505229949951,2017-04-15 03:00:00,2017-04-16 18:00:00,2017104N11130,UNNAMED
2017236N15129,2.1704816818237305,2017-08-24 21:00:00,2017-08-26 00:00:00,2017236N15129,PAKHAR
1997311N10151,2.2366235256195068,1997-11-15 03:00:00,1997-11-16 18:00:00,1997311N10151,MORT
1991163N11128,2.6033434867858887,1991-06-12 12:00:00,1991-06-16 00:00:00,1991163N11128,YUNYA
1990166N06141,2.3039090633392334,1990-06-21 21:00:00,1990-06-22 12:00:00,1990166N06141,OFELIA
2017253N14130,2.3818900585174561,2017-09-11 06:00:00,2017-09-12 12:00:00,2017253N14130,DOKSURI
2003316N11141,2.2318975925445557,2003-11-13 15:00:00,2003-11-14 18:00:00,2003316N11141,NEPARTAK
2008169N08135,3.8872439861297607,2008-06-20 00:00:00,2008-06-22 15:00:00,2008169N08135,FENGSHEN
1993271N14134,3.1561150550842285,1993-10-03 21:00:00,1993-10-06 06:00:00,1993271N14134,FLO
2019329N09160,2.6800837516784668,2019-12-02 03:00:00,2019-12-03 15:00:00,2019329N09160,KAMMURI
2008238N13130,2.2080991268157959,2008-08-27 06:00:00,2008-08-28 03:00:00,2008238N13130,UNNAMED
2021276N07131,1.6599235534667969,2021-10-03 15:00:00,2021-10-05 00:00:00,2021276N07131,LIONROCK
2006298N12143,2.3598465919494629,2006-10-29 09:00:00,2006-10-30 03:00:00,2006298N12143,CIMARON
1995209N17122,2.1785852909088135,1995-07-27 18:00:00,1995-07-29 06:00:00,1995209N17122,UNNAMED
2008272N08139,2.5464899539947514,2008-09-30 00:00:00,2008-10-01 18:00:00,2008272N08139,HIGOS
2008311N08128,1.9474741220474243,2008-11-05 15:00:00,2008-11-06 21:00:00,2008311N08128,MAYSAK
1995247N05144,1.8107292652130127,1995-09-07 00:00:00,1995-09-08 06:00:00,1995247N05144,UNNAMED
1982248N14133,3.6467316150665279,1982-09-07 12:00:00,1982-09-10 00:00:00,1982248N14133,IRVING
2017284N15134,2.4271192550659180,2017-10-12 15:00:00,2017-10-13 06:00:00,2017284N15134,KHANUN
1996090N04150,2.5194981098175049,1996-04-06 15:00:00,1996-04-11 18:00:00,1996090N04150,ANN
1993261N11131,1.9298219680786133,1993-09-19 21:00:00,1993-09-20 12:00:00,1993261N11131,DOT
1980181N10130,3.7604880332946777,1980-06-29 12:00:00,1980-07-01 09:00:00,1980181N10130,UNNAMED
1994192N05139,3.0020940303802486,1994-07-15 06:00:00,1994-07-15 21:00:00,1994192N05139,WALT
1989026N11127,1.8640718460083008,1989-01-28 06:00:00,1989-01-28 06:00:00,1989026N11127,UNNAMED
2020211N14124,2.3061039447784424,2020-07-29 00:00:00,2020-07-29 18:00:00,2020211N14124,SINLAKU
1996299N11121,2.5168616771697998,1996-10-24 12:00:00,1996-10-25 12:00:00,1996299N11121,UNNAMED
2023349N04141,4.6619629859924316,2023-12-17 21:00:00,2023-12-18 18:00:00,2023349N04141,JELAWAT
2003294N11112,2.1384174823760982,2003-10-23 03:00:00,2003-10-24 00:00:00,2003294N11112,UNNAMED
2017242N19122,1.9243658781051636,2017-08-30 06:00:00,2017-08-31 00:00:00,2017242N19122,MAWAR
2013210N13122,3.0602629184722900,2013-07-28 18:00:00,2013-07-29 21:00:00,2013210N13122,JEBI
2012331N03157,6.6968860626220703,2012-12-03 18:00:00,2012-12-09 06:00:00,2012331N03157,BOPHA
2020234N19123,1.9792116880416872,2020-08-20 18:00:00,2020-08-20 18:00:00,2020234N19123,BAVI
1981256N10150,2.2094004154205318,1981-09-19 15:00:00,1981-09-20 09:00:00,1981256N10150,CLARA
2020312N10131,2.0296821594238281,2020-11-07 06:00:00,2020-11-08 06:00:00,2020312N10131,ETAU
2017312N10134,2.1181290149688721,2017-11-08 15:00:00,2017-11-10 00:00:00,2017312N10134,HAIKUI
2013178N09133,1.7871985435485840,2013-06-28 18:00:00,2013-06-30 03:00:00,2013178N09133,RUMBIA
1980225N11145,2.3643033504486084,1980-08-14 18:00:00,1980-08-16 00:00:00,1980225N11145,UNNAMED
2002222N11131,4.8403191566467285,2002-08-12 21:00:00,2002-08-13 18:00:00,2002222N11131,UNNAMED
1991062N04156,2.6110610961914062,1991-03-12 18:00:00,1991-03-14 09:00:00,1991062N04156,SHARON
1999111N08126,3.1646623611450195,1999-04-21 00:00:00,1999-04-22 15:00:00,1999111N08126,KATE
2020299N11144,2.2191312313079834,2020-10-31 18:00:00,2020-11-01 21:00:00,2020299N11144,GONI
1999253N17124,3.6634383201599121,1999-09-10 12:00:00,1999-09-12 18:00:00,1999253N17124,YORK
1980317N09118,1.0128749608993530,1980-11-12 00:00:00,1980-11-12 03:00:00,1980317N09118,UNNAMED
2008135N12116,3.1441299915313721,2008-05-17 03:00:00,2008-05-18 03:00:00,2008135N12116,HALONG
1990232N13141,4.7360033988952637,1990-08-26 00:00:00,1990-08-26 21:00:00,1990232N13141,BECKY
1988306N15130,2.5207366943359375,1988-11-01 18:00:00,1988-11-03 06:00:00,1988306N15130,UNNAMED
1993317N08149,2.0025563240051274,1993-11-18 09:00:00,1993-11-19 00:00:00,1993317N08149,UNNAMED
1985183N08136,2.1000945568084717,1985-07-04 18:00:00,1985-07-06 03:00:00,1985183N08136,UNNAMED
1996356N08110,3.2601525783538814,1996-12-26 06:00:00,1996-12-26 12:00:00,1996356N08110,GREG
1987320N03171,2.3219182491302486,1987-11-25 06:00:00,1987-11-26 06:00:00,1987320N03171,NINA
2013306N07162,3.4658110141754150,2013-11-07 18:00:00,2013-11-08 15:00:00,2013306N07162,HAIYAN
1986302N05178,2.3228533267974858,1986-11-06 12:00:00,1986-11-08 03:00:00,1986302N05178,HERBERT
2011270N18139,3.0365612506866455,2011-09-30 21:00:00,2011-10-01 15:00:00,2011270N18139,NALGAE
1989272N18120,1.6271710395812988,1989-09-28 18:00:00,1989-09-28 18:00:00,1989272N18120,BRIAN
1995334N09129,1.6914428472518921,1995-12-03 18:00:00,1995-12-05 12:00:00,1995334N09129,UNNAMED
1991317N09141,2.4515719413757324,1991-11-15 15:00:00,1991-11-18 00:00:00,1991317N09141,WILDA
1989010N16212,2.2626924514770508,1989-01-21 06:00:00,1989-01-22 00:00:00,1989010N16212,WINONA
2003226N07156,1.7174917459487915,2003-08-22 09:00:00,2003-08-23 00:00:00,2003226N07156,KROVANH
1982227N09140,4.0277814865112305,1982-08-19 06:00:00,1982-08-26 03:00:00,1982227N09140,FAYE
1980300N08137,2.4955720901489258,1980-10-28 12:00:00,1980-10-29 15:00:00,1980300N08137,CARY
1998327N09126,1.6413198709487915,1998-11-22 12:00:00,1998-11-23 18:00:00,1998327N09126,ELVIS
1984267N18120,1.1013306379318235,1984-09-22 18:00:00,1984-09-22 18:00:00,1984267N18120,LYNN
2014190N08154,2.9800074100494385,2014-07-14 21:00:00,2014-07-16 06:00:00,2014190N08154,RAMMASUN
2003196N05150,2.2263920307159424,2003-07-22 00:00:00,2003-07-22 12:00:00,2003196N05150,IMBUDO
1999342N08116,0.5131235718727112,1999-12-07 12:00:00,1999-12-07 12:00:00,1999342N08116,UNNAMED
2024259N17126,2.7424197196960449,2024-09-16 12:00:00,2024-09-17 06:00:00,2024259N17126,SOULIK
1994088N09148,2.8900468349456787,1994-04-03 12:00:00,1994-04-05 15:00:00,1994088N09148,OWEN
2021046N06142,2.0735328197479248,2021-02-21 15:00:00,2021-02-23 00:00:00,2021046N06142,DUJUAN
2016211N11128,1.8470300436019895,2016-07-30 21:00:00,2016-07-31 15:00:00,2016211N11128,NIDA
2009123N10111,2.0411105155944824,2009-05-07 06:00:00,2009-05-08 00:00:00,2009123N10111,CHAN-HOM
2008262N16142,4.1163878440856934,2008-09-22 03:00:00,2008-09-22 12:00:00,2008262N16142,HAGUPIT
1985240N08148,1.9134012460708616,1985-09-02 09:00:00,1985-09-03 18:00:00,1985240N08148,TESS
1984291N13130,4.4000735282897949,1984-10-19 15:00:00,1984-10-22 06:00:00,1984291N13130,WARREN
1995264N06174,3.3255760669708252,1995-09-29 03:00:00,1995-10-01 03:00:00,1995264N06174,SIBYL
2000299N08139,3.8991782665252690,2000-10-27 06:00:00,2000-10-31 03:00:00,2000299N08139,XANGSANE
2018039N08151,2.2989108562469478,2018-02-12 21:00:00,2018-02-15 21:00:00,2018039N08151,SANBA
2017247N16132,1.7406291961669922,2017-09-05 12:00:00,2017-09-05 18:00:00,2017247N16132,GUCHOL
2017161N13119,0.7351810336112976,2017-06-10 00:00:00,2017-06-10 00:00:00,2017161N13119,MERBOK
2006340N08142,2.7854897975921631,2006-12-09 00:00:00,2006-12-10 18:00:00,2006340N08142,UTOR
1996201N07137,2.5912137031555176,1996-07-24 15:00:00,1996-07-25 15:00:00,1996201N07137,GLORIA
2020288N13124,1.8635274171829224,2020-10-14 06:00:00,2020-10-15 00:00:00,2020288N13124,UNNAMED
2021185N13121,2.3236694335937500,2021-07-03 18:00:00,2021-07-04 03:00:00,2021185N13121,UNNAMED
2020229N18123,2.4289171695709229,2020-08-16 06:00:00,2020-08-17 06:00:00,2020229N18123,HIGOS
2016328N09130,2.9659578800201416,2016-11-24 03:00:00,2016-11-25 21:00:00,2016328N09130,TOKAGE
1982073N07153,2.7518050670623779,1982-03-19 09:00:00,1982-03-21 06:00:00,1982073N07153,MAMIE
1997143N17111,2.9968309402465820,1997-05-25 15:00:00,1997-05-26 18:00:00,1997143N17111,LEVI
1980126N08150,2.4742460250854492,1980-05-13 12:00:00,1980-05-15 21:00:00,1980126N08150,DOM
1993250N17119,2.1400320529937744,1993-09-07 12:00:00,1993-09-08 21:00:00,1993250N17119,ABE
2001181N08141,3.4631175994873047,2001-07-04 03:00:00,2001-07-04 12:00:00,2001181N08141,UTOR
1985281N02144,2.0415883064270020,1985-10-11 06:00:00,1985-10-12 15:00:00,1985281N02144,CECIL
2014260N13135,2.6699359416961670,2014-09-18 21:00:00,2014-09-19 21:00:00,2014260N13135,FUNG-WONG
2003196N11137,2.8962185382843018,2003-07-16 21:00:00,2003-07-18 06:00:00,2003196N11137,KONI
1992198N13135,2.1723756790161133,1992-07-19 18:00:00,1992-07-20 15:00:00,1992198N13135,GARY
1993166N06131,2.9961175918579106,1993-06-18 15:00:00,1993-06-20 06:00:00,1993166N06131,UNNAMED
1996305N11121,1.0782097578048706,1996-10-31 06:00:00,1996-10-31 21:00:00,1996305N11121,UNNAMED
2017202N19124,1.7681591510772705,2017-07-21 15:00:00,2017-07-21 21:00:00,2017202N19124,ROKE
1992259N11159,2.1245439052581787,1992-09-20 15:00:00,1992-09-21 09:00:00,1992259N11159,TED
2020281N14126,2.2094972133636475,2020-10-07 00:00:00,2020-10-08 12:00:00,2020281N14126,LINFA
2000334N08130,3.9194152355194096,2000-11-30 09:00:00,2000-12-01 12:00:00,2000334N08130,RUMBIA
2008012N12123,1.1561429500579834,2008-01-12 06:00:00,2008-01-13 00:00:00,2008012N12123,UNNAMED
1986276N07177,2.3811736106872559,1986-10-11 00:00:00,1986-10-12 12:00:00,1986276N07177,ELLEN
1996250N08148,3.2288777828216553,1996-09-10 00:00:00,1996-09-10 09:00:00,1996250N08148,UNNAMED
2017364N07138,2.3550879955291748,2018-01-01 09:00:00,2018-01-02 18:00:00,2017364N07138,BOLAVEN
1985284N05159,4.2236213684082031,1985-10-17 18:00:00,1985-10-19 03:00:00,1985284N05159,DOT
2009324N06129,5.9566092491149902,2009-11-24 03:00:00,2009-11-25 00:00:00,2009324N06129,UNNAMED
1999096N10136,2.2630977630615230,1999-04-09 03:00:00,1999-04-10 00:00:00,1999096N10136,UNNAMED
1995292N08150,2.5209829807281494,1995-10-23 09:00:00,1995-10-24 06:00:00,1995292N08150,YVETTE
2001170N11138,0.9047140479087830,2001-06-22 03:00:00,2001-06-22 09:00:00,2001170N11138,CHEBI
2013282N14132,2.2597503662109375,2013-10-11 09:00:00,2013-10-12 00:00:00,2013282N14132,NARI
2015226N12151,3.4234271049499512,2015-08-21 00:00:00,2015-08-21 18:00:00,2015226N12151,GONI
2015183N13130,3.9136009216308594,2015-07-04 12:00:00,2015-07-05 18:00:00,2015183N13130,LINFA
2007323N09128,3.3838512897491455,2007-11-18 18:00:00,2007-11-27 21:00:00,2007323N09128,HAGIBIS
2010191N12138,2.1728808879852295,2010-07-13 00:00:00,2010-07-14 03:00:00,2010191N12138,CONSON
1983186N04153,2.8266294002532959,1983-07-13 18:00:00,1983-07-15 12:00:00,1983186N04153,VERA
1999241N12133,2.8135294914245605,1999-09-02 03:00:00,1999-09-02 18:00:00,1999241N12133,WENDY
1993185N09137,2.1944589614868164,1993-07-07 15:00:00,1993-07-09 03:00:00,1993185N09137,LEWIS
2015348N04146,2.1935286521911621,2015-12-18 12:00:00,2015-12-19 12:00:00,2015348N04146,UNNAMED
2009173N10132,2.3963077068328857,2009-06-23 00:00:00,2009-06-24 21:00:00,2009173N10132,NANGKA
2019302N11118,1.4637814760208130,2019-10-28 12:00:00,2019-10-28 15:00:00,2019302N11118,BULBUL:MATMO
2019314N14136,2.1993386745452881,2019-11-18 00:00:00,2019-11-20 18:00:00,2019314N14136,KALMAEGI
2017008N08128,2.9454081058502197,2017-01-07 21:00:00,2017-01-11 03:00:00,2017008N08128,UNNAMED
1993059N05136,1.5166453123092651,1993-03-01 03:00:00,1993-03-02 00:00:00,1993059N05136,UNNAMED
2003357N11142,2.4779460430145264,2003-12-27 06:00:00,2003-12-27 18:00:00,2003357N11142,UNNAMED
2020291N06141,2.3173909187316895,2020-10-20 09:00:00,2020-10-21 00:00:00,2020291N06141,SAUDEL
2016355N07146,1.9518538713455200,2016-12-25 03:00:00,2016-12-26 09:00:00,2016355N07146,NOCK-TEN
1985268N16126,2.0780267715454106,1985-09-25 15:00:00,1985-09-26 09:00:00,1985268N16126,ANDY
1988177N07137,2.3559234142303467,1988-06-27 03:00:00,1988-06-28 03:00:00,1988177N07137,VANESSA
2004327N16125,2.1464791297912602,2004-11-22 03:00:00,2004-11-23 12:00:00,2004327N16125,MERBOK
2020313N08135,2.1204819679260254,2020-11-11 00:00:00,2020-11-12 03:00:00,2020313N08135,VAMCO
2022342N06133,3.0596313476562500,2022-12-09 12:00:00,2022-12-10 06:00:00,2022342N06133,PAKHAR
2013196N14128,2.3292746543884277,2013-07-16 15:00:00,2013-07-17 06:00:00,2013196N14128,CIMARON
2021296N06127,1.6994152069091797,2021-10-22 15:00:00,2021-10-23 21:00:00,2021296N06127,UNNAMED
1990250N13157,1.8067133426666260,1990-09-14 09:00:00,1990-09-14 21:00:00,1990250N13157,ED
1988307N09131,2.5207366943359375,1988-11-02 06:00:00,1988-11-04 18:00:00,1988307N09131,TESS
1980137N04158,2.0367424488067627,1980-05-24 03:00:00,1980-05-26 06:00:00,1980137N04158,FORREST
1984239N08146,2.2590498924255371,1984-09-01 12:00:00,1984-09-03 06:00:00,1984239N08146,IKE
2002214N19120,2.1535146236419682,2002-08-01 18:00:00,2002-08-01 18:00:00,2002214N19120,KAMMURI
2020296N09137,3.0441191196441646,2020-10-25 06:00:00,2020-10-26 03:00:00,2020296N09137,MOLAVE
1992188N07156,1.8923124074935913,1992-07-11 00:00:00,1992-07-11 09:00:00,1992188N07156,ELI
1981178N05160,2.8464999198913574,1981-07-03 06:00:00,1981-07-04 21:00:00,1981178N05160,LYNN
2020160N10133,2.9561731815338135,2020-06-09 12:00:00,2020-06-12 03:00:00,2020160N10133,NURI
2009213N16130,3.6315765380859375,2009-08-01 09:00:00,2009-08-01 21:00:00,2009213N16130,GONI
1990312N12121,1.3489408493041992,1990-11-08 06:00:00,1990-11-08 12:00:00,1990312N12121,NELL
2011167N08129,1.8515822887420657,2011-06-19 09:00:00,2011-06-19 21:00:00,2011167N08129,HAIMA
2024313N15138,1.7861382961273191,2024-11-10 21:00:00,2024-11-11 15:00:00,2024313N15138,TORAJI
2023201N13134,3.8743627071380615,2023-07-25 09:00:00,2023-07-26 12:00:00,2023201N13134,DOKSURI
1995294N05163,2.0697882175445557,1995-10-27 18:00:00,1995-10-29 09:00:00,1995294N05163,ZACK
2021346N05145,5.6775150299072266,2021-12-16 03:00:00,2021-12-17 15:00:00,2021346N05145,RAI
1987219N08134,2.5577123165130615,1987-08-11 18:00:00,1987-08-13 03:00:00,1987219N08134,BETTY
1988295N10138,5.1779232025146484,1988-10-23 21:00:00,1988-10-25 06:00:00,1988295N10138,RUBY
2000196N16122,2.3721466064453125,2000-07-13 18:00:00,2000-07-14 15:00:00,2000196N16122,UNNAMED
1997298N06140,2.7109706401824951,1997-10-29 03:00:00,1997-10-31 09:00:00,1997298N06140,LINDA
1984184N06139,2.4029531478881836,1984-07-05 00:00:00,1984-07-06 12:00:00,1984184N06139,BETTY
2011346N03156,3.7883181571960449,2011-12-16 03:00:00,2011-12-17 21:00:00,2011346N03156,WASHI
2009270N10148,3.9076340198516850,2009-10-02 21:00:00,2009-10-09 09:00:00,2009270N10148,PARMA
1980201N08155,2.3822498321533203,1980-07-24 21:00:00,1980-07-25 15:00:00,1980201N08155,KIM
2017347N11131,3.5965585708618164,2017-12-16 00:00:00,2017-12-18 12:00:00,2017347N11131,KAI-TAK
2004319N10134,2.9792900085449219,2004-11-15 00:00:00,2004-11-20 15:00:00,2004319N10134,MUIFA
2016287N12131,3.8330931663513184,2016-10-14 18:00:00,2016-10-16 03:00:00,2016287N12131,SARIKA
2023234N18128,3.6237957477569585,2023-08-26 00:00:00,2023-08-30 00:00:00,2023234N18128,SAOLA
2009299N12153,2.4678125381469727,2009-10-30 06:00:00,2009-10-31 03:00:00,2009299N12153,MIRINAE
1999230N12129,2.1311898231506348,1999-08-19 18:00:00,1999-08-20 15:00:00,1999230N12129,SAM
2004333N06154,2.4310333728790283,2004-12-02 00:00:00,2004-12-02 21:00:00,2004333N06154,NANMADOL
1986309N07162,3.1568908691406250,1986-11-12 06:00:00,1986-11-13 18:00:00,1986309N07162,IDA
1980076N06148,2.3383169174194336,1980-03-23 09:00:00,1980-03-25 12:00:00,1980076N06148,UNNAMED
2013049N05131,1.7429440021514893,2013-02-18 21:00:00,2013-02-20 21:00:00,2013049N05131,SHANSHAN
2020129N07134,2.3492186069488525,2020-05-14 00:00:00,2020-05-16 12:00:00,2020129N07134,VONGFONG
2002008N07141,2.4104959964752197,2002-01-12 15:00:00,2002-01-14 00:00:00,2002008N07141,TAPAH
1990171N11148,2.2753343582153320,1990-06-26 21:00:00,1990-06-27 12:00:00,1990171N11148,PERCY
2003302N11133,2.1583523750305176,2003-10-31 18:00:00,2003-11-02 00:00:00,2003302N11133,MELOR
1996246N08148,1.8086986541748049,1996-09-07 15:00:00,1996-09-07 21:00:00,1996246N08148,SALLY
2023194N16123,2.5121192932128902,2023-07-13 06:00:00,2023-07-14 06:00:00,2023194N16123,TALIM
2000193N10131,2.0822317600250244,2000-07-13 15:00:00,2000-07-14 00:00:00,2000193N10131,UNNAMED
1999310N09138,4.3691534996032715,1999-11-07 21:00:00,1999-11-10 06:00:00,1999310N09138,FRANKIE
2014080N08128,2.7626352310180664,2014-03-21 15:00:00,2014-03-24 06:00:00,2014080N08128,UNNAMED
1995276N13124,2.2255029678344727,1995-10-03 06:00:00,1995-10-04 06:00:00,1995276N13124,UNNAMED
1995225N12124,2.5824022293090820,1995-08-13 06:00:00,1995-08-14 15:00:00,1995225N12124,IRVING
1982339N07139,1.9160400629043579,1982-12-07 21:00:00,1982-12-10 18:00:00,1982339N07139,ROGER
1996137N13111,1.8165212869644165,1996-05-22 12:00:00,1996-05-22 15:00:00,1996137N13111,CAM
2015273N12130,2.6165449619293213,2015-10-01 00:00:00,2015-10-02 06:00:00,2015273N12130,MUJIGAE
2005257N15120,2.2339007854461670,2005-09-14 06:00:00,2005-09-14 06:00:00,2005257N15120,VICENTE
1988290N08145,2.1221356391906734,1988-10-20 12:00:00,1988-10-20 21:00:00,1988290N08145,PAT
1981355N07149,2.2418086528778076,1981-12-25 06:00:00,1981-12-26 12:00:00,1981355N07149,LEE
1986094N06138,2.4475698471069336,1986-04-06 00:00:00,1986-04-06 18:00:00,1986094N06138,UNNAMED
1982283N17148,2.3410770893096924,1982-10-14 09:00:00,1982-10-15 00:00:00,1982283N17148,NANCY
2013305N07141,1.8589296340942385,2013-11-03 21:00:00,2013-11-05 03:00:00,2013305N07141,UNNAMED
1987219N08155,2.2440705299377441,1987-08-17 09:00:00,1987-08-18 15:00:00,1987219N08155,CARY
2005350N08127,3.0377981662750244,2005-12-15 12:00:00,2005-12-17 12:00:00,2005350N08127,UNNAMED
1989286N14137,2.2325561046600342,1989-10-19 00:00:00,1989-10-19 15:00:00,1989286N14137,ELSIE
1987288N13168,2.4100801944732666,1987-10-23 09:00:00,1987-10-24 03:00:00,1987288N13168,LYNN
2018202N18116,2.1670386791229248,2018-07-21 06:00:00,2018-07-21 18:00:00,2018202N18116,UNNAMED
1980197N15133,2.4891920089721680,1980-07-15 21:00:00,1980-07-16 18:00:00,1980197N15133,UNNAMED
1984180N16130,1.5746579170227053,1984-07-02 06:00:00,1984-07-02 12:00:00,1984180N16130,ALEX
1990140N09122,2.4807500839233398,1990-05-19 18:00:00,1990-05-22 00:00:00,1990140N09122,UNNAMED
2012201N15129,1.7042292356491089,2012-07-20 09:00:00,2012-07-20 21:00:00,2012201N15129,VICENTE
2001047N09134,2.9380996227264404,2001-02-17 18:00:00,2001-02-22 00:00:00,2001047N09134,UNNAMED
2015085N06162,2.4278323650360107,2015-04-04 21:00:00,2015-04-05 09:00:00,2015085N06162,MAYSAK
1991301N08173,1.7248498201370239,1991-11-12 15:00:00,1991-11-14 03:00:00,1991301N08173,SETH
2015344N07145,2.3955295085906982,2015-12-13 21:00:00,2015-12-17 00:00:00,2015344N07145,MELOR
2019242N18126,2.7289903163909912,2019-08-31 00:00:00,2019-08-31 12:00:00,2019242N18126,KAJIKI
1989199N05139,2.6695554256439209,1989-07-19 21:00:00,1989-07-20 15:00:00,1989199N05139,IRVING
2007324N10140,2.3407328128814697,2007-11-25 12:00:00,2007-11-27 00:00:00,2007324N10140,MITAG
2009121N13124,3.6587646007537842,2009-04-30 18:00:00,2009-05-03 06:00:00,2009121N13124,KUJIRA
1998351N11125,2.0086095333099365,1998-12-17 00:00:00,1998-12-19 00:00:00,1998351N11125,UNNAMED
1997283N07177,2.3757948875427246,1997-10-19 06:00:00,1997-10-20 21:00:00,1997283N07177,IVAN
1991244N19126,2.0408890247344971,1991-09-01 12:00:00,1991-09-02 18:00:00,1991244N19126,JOEL
1981311N08119,1.5679283142089844,1981-11-07 03:00:00,1981-11-07 15:00:00,1981311N08119,UNNAMED
1983188N06136,2.4188370704650879,1983-07-09 15:00:00,1983-07-10 15:00:00,1983188N06136,TIP
1995236N10134,0.2684204578399658,1995-08-30 00:00:00,1995-08-30 00:00:00,1995236N10134,KENT
2016279N19130,1.4625304937362671,2016-10-05 18:00:00,2016-10-05 21:00:00,2016279N19130,AERE
2012046N08130,1.4010627269744873,2012-02-15 09:00:00,2012-02-17 00:00:00,2012046N08130,UNNAMED
1994134N05161,2.1139252185821533,1994-05-24 03:00:00,1994-05-25 03:00:00,1994134N05161,UNNAMED
1984299N18127,3.7316746711730961,1984-10-26 00:00:00,1984-10-26 03:00:00,1984299N18127,UNNAMED
1990319N07197,1.8057925701141355,1990-12-04 06:00:00,1990-12-05 00:00:00,1990319N07197,OWEN
1998217N10130,1.9936978816986084,1998-08-07 18:00:00,1998-08-08 12:00:00,1998217N10130,PENNY
2019195N13136,2.8769180774688721,2019-07-16 15:00:00,2019-07-16 21:00:00,2019195N13136,DANAS
2024293N13141,5.0426211357116699,2024-10-23 09:00:00,2024-10-24 21:00:00,2024293N13141,TRAMI
1992194N07140,1.7582663297653198,1992-07-15 00:00:00,1992-07-15 12:00:00,1992194N07140,FAYE
2021248N11131,2.5332489013671875,2021-09-06 06:00:00,2021-09-08 18:00:00,2021248N11131,CONSON
2009268N14128,3.4760403633117676,2009-09-26 00:00:00,2009-09-26 12:00:00,2009268N14128,KETSANA
1996328N08151,2.3232572078704834,1996-12-01 00:00:00,1996-12-02 00:00:00,1996328N08151,UNNAMED
2013220N12137,1.8842406272888184,2013-08-11 15:00:00,2013-08-12 03:00:00,2013220N12137,UTOR
1987311N10148,1.9887734651565552,1987-11-14 00:00:00,1987-11-15 21:00:00,1987311N10148,MAURY
2001323N05107,2.0462319850921631,2001-11-22 18:00:00,2001-11-23 06:00:00,2001323N05107,UNNAMED
1990283N15129,2.0546638965606689,1990-10-10 09:00:00,1990-10-11 06:00:00,1990283N15129,JEANA
2004158N07142,2.0385010242462158,2004-06-08 15:00:00,2004-06-10 09:00:00,2004158N07142,CHANTHU
2017232N19130,1.9108167886734009,2017-08-21 15:00:00,2017-08-21 18:00:00,2017232N19130,HATO
2020195N17125,1.4507488012313845,2020-07-13 06:00:00,2020-07-13 21:00:00,2020195N17125,UNNAMED
2011266N13139,3.1475450992584229,2011-09-26 18:00:00,2011-09-27 12:00:00,2011266N13139,NESAT
2009164N10131,2.8086626529693604,2009-06-14 18:00:00,2009-06-16 09:00:00,2009164N10131,LINFA
1996282N11162,2.5284051895141602,1996-10-17 06:00:00,1996-10-18 15:00:00,1996282N11162,ABEL:BETH
2000305N06136,2.4213724136352539,2000-11-01 18:00:00,2000-11-03 09:00:00,2000305N06136,BEBINCA
2022292N21132,1.5996574163436890,2022-10-21 12:00:00,2022-10-21 15:00:00,2022292N21132,UNNAMED
2018195N19138,2.2948033809661865,2018-07-16 09:00:00,2018-07-16 18:00:00,2018195N19138,SON-TINH
1988263N15126,1.8481208086013792,1988-09-19 09:00:00,1988-09-20 06:00:00,1988263N15126,KIT
2004174N14146,4.9473500251770020,2004-06-29 12:00:00,2004-06-30 15:00:00,2004174N14146,MINDULLE
1991111N04145,2.7337028980255127,1991-04-24 03:00:00,1991-04-25 21:00:00,1991111N04145,VANESSA
1991304N08140,3.0422894954681396,1991-11-04 12:00:00,1991-11-06 09:00:00,1991304N08140,THELMA
1995244N08139,2.0341587066650391,1995-09-03 18:00:00,1995-09-04 09:00:00,1995244N08139,NINA
2020258N11127,1.5315865278244021,2020-09-14 06:00:00,2020-09-15 12:00:00,2020258N11127,NOUL
2012317N07118,0.8207183480262756,2012-11-12 06:00:00,2012-11-12 12:00:00,2012317N07118,UNNAMED
1998342N06141,2.1708090305328369,1998-12-10 09:00:00,1998-12-11 12:00:00,1998342N06141,FAITH
2014029N10143,2.3363413810729980,2014-01-31 09:00:00,2014-02-01 09:00:00,2014029N10143,KAJIKI
2000248N18126,3.4740111827850342,2000-09-10 15:00:00,2000-09-11 18:00:00,2000248N18126,BOPHA
1986316N06146,1.5980864763259888,1986-11-19 15:00:00,1986-11-19 21:00:00,1986316N06146,JOE
2017321N07124,1.9976949691772461,2017-11-16 12:00:00,2017-11-17 09:00:00,2017321N07124,KIROGI
1982325N08176,2.5425283908843994,1982-12-07 00:00:00,1982-12-08 09:00:00,1982325N08176,PAMELA
1995215N12145,1.6693605184555054,1995-08-09 03:00:00,1995-08-09 15:00:00,1995215N12145,HELEN
2020353N06129,2.6387925148010254,2020-12-17 21:00:00,2020-12-19 15:00:00,2020353N06129,KROVANH
2002252N20121,1.8176140785217283,2002-09-08 18:00:00,2002-09-08 21:00:00,2002252N20121,HAGUPIT
1982246N16119,3.4759178161621098,1982-09-03 00:00:00,1982-09-03 15:00:00,1982246N16119,HOPE
1994250N14133,4.7939496040344238,1994-09-10 00:00:00,1994-09-10 15:00:00,1994250N14133,LUKE
1992314N08141,2.2457597255706787,1992-11-10 15:00:00,1992-11-12 03:00:00,1992314N08141,FORREST
1994197N14115,2.8790867328643799,1994-07-18 09:00:00,1994-07-19 15:00:00,1994197N14115,YUNYA
2019236N08143,2.4539170265197754,2019-08-27 12:00:00,2019-08-27 21:00:00,2019236N08143,PODUL
1996303N07155,4.5738034248352051,1996-11-05 15:00:00,1996-11-08 00:00:00,1996303N07155,ERNIE
1993253N06150,1.6531059741973877,1993-09-15 09:00:00,1993-09-16 00:00:00,1993253N06150,BECKY
1990272N11121,1.9429899454116819,1990-09-29 06:00:00,1990-09-30 03:00:00,1990272N11121,IRA
2001204N19127,0.9424427747726440,2001-07-23 09:00:00,2001-07-23 12:00:00,2001204N19127,YUTU
2005222N14131,2.6574478149414062,2005-08-11 15:00:00,2005-08-12 03:00:00,2005222N14131,SANVU
2017354N08134,4.9911756515502930,2017-12-21 15:00:00,2017-12-23 15:00:00,2017354N08134,TEMBIN
2008320N08122,1.9356794357299805,2008-11-14 18:00:00,2008-11-15 18:00:00,2008320N08122,NOUL
2017304N11127,2.1911091804504395,2017-10-31 03:00:00,2017-11-01 12:00:00,2017304N11127,DAMREY
1991289N06156,4.1948890686035156,1991-10-27 03:00:00,1991-10-29 00:00:00,1991289N06156,RUTH
1989134N07138,2.6617383956909180,1989-05-16 12:00:00,1989-05-18 03:00:00,1989134N07138,BRENDA
1989271N12142,2.5163002014160156,1989-10-05 12:00:00,1989-10-06 09:00:00,1989271N12142,ANGELA
1988356N05142,2.8467864990234375,1988-12-23 18:00:00,1988-12-27 12:00:00,1988356N05142,VAL
1999275N16135,1.9928138256073000,1999-10-04 21:00:00,1999-10-05 18:00:00,1999275N16135,DAN
1993231N09134,2.3445305824279785,1993-08-21 15:00:00,1993-08-23 12:00:00,1993231N09134,WINONA
2005262N13127,4.2160186767578125,2005-09-19 18:00:00,2005-09-22 00:00:00,2005262N13127,DAMREY
1987343N05154,2.2292156219482422,1987-12-15 18:00:00,1987-12-18 03:00:00,1987343N05154,PHYLLIS
2024308N08140,1.7043726444244385,2024-11-07 00:00:00,2024-11-07 21:00:00,2024308N08140,YINXING
2000138N16119,2.1491169929504395,2000-05-17 06:00:00,2000-05-18 09:00:00,2000138N16119,LONGWANG
1985162N05154,3.0832955837249756,1985-06-21 18:00:00,1985-06-22 06:00:00,1985162N05154,HAL
2009254N14130,2.0044369697570801,2009-09-12 15:00:00,2009-09-13 00:00:00,2009254N14130,KOPPU
2015122N07144,2.0403351783752441,2015-05-10 00:00:00,2015-05-10 21:00:00,2015122N07144,NOUL
1988150N19119,2.4724075794219971,1988-05-29 03:00:00,1988-05-29 09:00:00,1988150N19119,SUSAN
2007306N18133,2.0417633056640625,2007-11-04 09:00:00,2007-11-05 03:00:00,2007306N18133,PEIPAH
1993336N05164,2.1180641651153564,1993-12-09 15:00:00,1993-12-11 15:00:00,1993336N05164,MANNY
1984302N00149,2.2282497882843018,1984-11-04 15:00:00,1984-11-05 18:00:00,1984302N00149,AGNES
1987325N13126,2.4364469051361084,1987-11-20 21:00:00,1987-11-22 03:00:00,1987325N13126,OGDEN
1985294N10122,2.1986660957336426,1985-10-21 00:00:00,1985-10-27 15:00:00,1985294N10122,FAYE
2008217N19120,1.7930514812469482,2008-08-03 12:00:00,2008-08-03 15:00:00,2008217N19120,KAMMURI
2008229N13147,2.1279788017272949,2008-08-19 18:00:00,2008-08-20 12:00:00,2008229N13147,NURI
1994169N06152,1.6739306449890137,1994-06-22 09:00:00,1994-06-23 06:00:00,1994169N06152,SHARON
2018311N07179,2.3954672813415527,2018-11-20 12:00:00,2018-11-21 21:00:00,2018311N07179,USAGI
2015285N14151,4.4034285545349121,2015-10-17 12:00:00,2015-10-21 06:00:00,2015285N14151,KOPPU
1990129N05138,2.2558667659759521,1990-05-13 03:00:00,1990-05-15 06:00:00,1990129N05138,MARIAN
2006128N09138,2.3361001014709473,2006-05-11 09:00:00,2006-05-13 09:00:00,2006128N09138,CHANCHU
1988308N09140,3.3617265224456787,1988-11-06 21:00:00,1988-11-08 00:00:00,1988308N09140,SKIP
1993279N12114,2.9840190410614018,1993-10-07 06:00:00,1993-10-11 15:00:00,1993279N12114,UNNAMED
2013316N06130,2.2772164344787602,2013-11-11 21:00:00,2013-11-13 06:00:00,2013316N06130,PODUL
1991187N06139,3.2798845767974858,1991-07-08 21:00:00,1991-07-10 12:00:00,1991187N06139,ZEKE
2011126N11129,3.0142269134521484,2011-05-07 06:00:00,2011-05-09 21:00:00,2011126N11129,AERE
1995206N15133,2.5185959339141850,1995-07-27 03:00:00,1995-07-28 06:00:00,1995206N15133,GARY
2014254N10142,2.2562806606292725,2014-09-14 06:00:00,2014-09-14 18:00:00,2014254N10142,KALMAEGI
2003158N08156,3.1745958328247070,2003-06-14 15:00:00,2003-06-16 15:00:00,2003158N08156,SOUDELOR
1986343N05176,3.3824536800384521,1986-12-21 06:00:00,1986-12-23 00:00:00,1986343N05176,MARGE
2019004N03175,2.3811962604522705,2019-01-20 03:00:00,2019-01-22 12:00:00,2019004N03175,UNNAMED
1991220N10133,3.3333928585052486,1991-08-11 15:00:00,1991-08-13 06:00:00,1991220N10133,FRED
2016288N06146,1.7831412553787231,2016-10-19 12:00:00,2016-10-20 00:00:00,2016288N06146,HAIMA
1986228N19120,2.9980077743530273,1986-08-28 09:00:00,1986-09-03 03:00:00,1986228N19120,WAYNE
2021280N14137,2.5788586139678955,2021-10-11 06:00:00,2021-10-11 21:00:00,2021280N14137,KOMPASU
2002199N08130,3.5239353179931641,2002-07-18 12:00:00,2002-07-22 06:00:00,2002199N08130,UNNAMED
1994001N05156,2.0757198333740230,1994-01-05 06:00:00,1994-01-06 12:00:00,1994001N05156,UNNAMED
2006174N08135,2.0277731418609619,2006-06-24 09:00:00,2006-06-26 00:00:00,2006174N08135,JELAWAT
2000332N08133,4.4601173400878906,2000-11-29 15:00:00,2000-12-02 15:00:00,2000332N08133,RUMBIA
1983220N16111,2.3754720687866211,1983-08-13 18:00:00,1983-08-14 03:00:00,1983220N16111,CARMEN
2006349N08157,1.9587699174880979,2006-12-19 18:00:00,2006-12-20 06:00:00,2006349N08157,TRAMI
1997210N15120,1.9085328578948977,1997-07-28 12:00:00,1997-07-28 18:00:00,1997210N15120,VICTOR
2004074N03143,2.5803227424621582,2004-03-19 21:00:00,2004-03-20 21:00:00,2004074N03143,UNNAMED
1987245N17120,4.0678319931030273,1987-09-02 06:00:00,1987-09-02 06:00:00,1987245N17120,UNNAMED
2012177N11135,1.3681458234786987,2012-06-28 06:00:00,2012-06-28 12:00:00,2012177N11135,DOKSURI
1990163N08133,2.0314550399780273,1990-06-14 00:00:00,1990-06-15 00:00:00,1990163N08133,NATHAN
2022264N17132,3.9366388320922847,2022-09-25 00:00:00,2022-09-25 21:00:00,2022264N17132,NORU
2014334N02156,2.7566184997558594,2014-12-06 09:00:00,2014-12-09 06:00:00,2014334N02156,HAGUPIT
2007265N20122,2.0945782661437988,2007-09-21 12:00:00,2007-09-21 21:00:00,2007265N20122,FRANCISCO
1986275N10134,2.2158660888671875,1986-10-03 09:00:00,1986-10-07 03:00:00,1986275N10134,DOM
1980197N07154,2.1241986751556396,1980-07-20 15:00:00,1980-07-21 03:00:00,1980197N07154,JOE
2003144N16119,3.4769454002380371,2003-05-24 09:00:00,2003-05-27 21:00:00,2003144N16119,LINFA
1995277N07141,2.3627655506134033,1995-10-06 21:00:00,1995-10-08 12:00:00,1995277N07141,TED
1994232N10144,2.8279428482055664,1994-08-24 09:00:00,1994-08-25 03:00:00,1994232N10144,HARRY
2022299N11134,4.1530117988586426,2022-10-28 09:00:00,2022-10-29 21:00:00,2022299N11134,NALGAE
2012225N16133,2.3766434192657471,2012-08-14 15:00:00,2012-08-15 09:00:00,2012225N16133,KAI-TAK
1995252N08142,3.7677743434906006,1995-09-11 15:00:00,1995-09-14 00:00:00,1995252N08142,POLLY
2006268N12129,4.3745846748352051,2006-09-26 15:00:00,2006-09-28 12:00:00,2006268N12129,XANGSANE
2014362N07130,4.8349938392639160,2014-12-28 12:00:00,2014-12-30 21:00:00,2014362N07130,JANGMI
1994287N14156,2.6975452899932861,1994-10-20 15:00:00,1994-10-21 15:00:00,1994287N14156,TERESA
2007272N17125,4.6235227584838867,2007-09-29 00:00:00,2007-09-29 12:00:00,2007272N17125,LEKIMA
2002078N04138,1.7410352230072019,2002-03-21 03:00:00,2002-03-23 03:00:00,2002078N04138,UNNAMED
2001228N15118,4.7035636901855469,2001-08-16 06:00:00,2001-08-16 09:00:00,2001228N15118,UNNAMED
2001264N21126,2.5242786407470703,2001-09-23 03:00:00,2001-09-24 21:00:00,2001264N21126,LEKIMA
2009189N17129,3.4220619201660156,2009-07-09 15:00:00,2009-07-10 06:00:00,2009189N17129,SOUDELOR
2001338N10130,2.9372353553771973,2001-12-04 18:00:00,2001-12-06 21:00:00,2001338N10130,KAJIKI
1989314N10152,2.3226726055145264,1989-11-21 06:00:00,1989-11-22 18:00:00,1989314N10152,HUNT
1990310N07152,6.0212659835815430,1990-11-12 12:00:00,1990-11-13 18:00:00,1990310N07152,MIKE
1994189N16117,2.2819066047668457,1994-07-10 12:00:00,1994-07-10 21:00:00,1994189N16117,VANESSA
1990202N13130,2.9333148002624512,1990-07-27 00:00:00,1990-07-27 09:00:00,1990202N13130,TASHA
1989190N20160,2.3655920028686523,1989-07-15 15:00:00,1989-07-16 06:00:00,1989190N20160,GORDON
2000185N15117,2.4561004638671875,2000-07-03 12:00:00,2000-07-05 18:00:00,2000185N15117,KAI-TAK
2011282N08136,2.6126079559326172,2011-10-11 09:00:00,2011-10-13 00:00:00,2011282N08136,BANYAN
2010285N13145,3.6166820526123047,2010-10-18 00:00:00,2010-10-19 00:00:00,2010285N13145,MEGI
1991196N06153,1.9063644409179688,1991-07-22 00:00:00,1991-07-22 15:00:00,1991196N06153,BRENDAN
1993164N04160,2.3930723667144775,1993-06-25 15:00:00,1993-06-26 06:00:00,1993164N04160,KORYN
1984238N18137,3.6367788314819336,1984-08-28 15:00:00,1984-08-29 06:00:00,1984238N18137,JUNE
1984313N14154,3.2485227584838867,1984-11-17 03:00:00,1984-11-23 06:00:00,1984313N14154,BILL
1989187N15132,2.0593357086181641,1989-07-08 09:00:00,1989-07-08 21:00:00,1989187N15132,FAYE
2019354N05151,2.7569770812988281,2019-12-24 06:00:00,2019-12-25 18:00:00,2019354N05151,PHANFONE
1993353N05159,3.1717503070831299,1993-12-26 00:00:00,1993-12-27 18:00:00,1993353N05159,NELL
2022301N07140,1.5393472909927368,2022-11-02 12:00:00,2022-11-03 00:00:00,2022301N07140,BANYAN
2014329N08131,2.0137164592742920,2014-11-26 06:00:00,2014-11-27 21:00:00,2014329N08131,SINLAKU
1993193N08144,1.9978419542312624,1993-07-16 15:00:00,1993-07-17 00:00:00,1993193N08144,MARIAN
1984220N03145,1.6376674175262451,1984-08-13 12:00:00,1984-08-13 12:00:00,1984220N03145,UNNAMED
1981343N05150,2.3115868568420410,1981-12-21 21:00:00,1981-12-22 18:00:00,1981343N05150,KIT
2006311N16143,2.0655152797698975,2006-11-10 18:00:00,2006-11-11 15:00:00,2006311N16143,CHEBI
1996283N12133,1.8770771026611328,1996-10-11 15:00:00,1996-10-12 09:00:00,1996283N12133,BETH
1994345N06165,2.2772243022918701,1994-12-21 00:00:00,1994-12-22 21:00:00,1994345N06165,AXEL
2004134N07132,2.7284264564514160,2004-05-16 06:00:00,2004-05-17 09:00:00,2004134N07132,NIDA
2015203N16126,2.2317357063293457,2015-07-22 21:00:00,2015-07-23 15:00:00,2015203N16126,UNNAMED
2013301N13142,1.4850347042083740,2013-10-31 06:00:00,2013-10-31 21:00:00,2013301N13142,KROSA
2015012N09146,2.4431674480438232,2015-01-17 03:00:00,2015-01-19 12:00:00,2015012N09146,MEKKHALA
2012359N08134,1.7778036594390867,2012-12-25 09:00:00,2012-12-26 21:00:00,2012359N08134,WUKONG
2018250N12170,2.5943245887756348,2018-09-14 15:00:00,2018-09-15 06:00:00,2018250N12170,MANGKHUT
1999288N12129,2.0681836605072021,1999-10-15 12:00:00,1999-10-17 06:00:00,1999288N12129,EVE
2009251N16118,1.8546350002288816,2009-09-08 18:00:00,2009-09-08 21:00:00,2009251N16118,MUJIGAE
1983287N09164,2.5597875118255615,1983-10-20 15:00:00,1983-10-21 09:00:00,1983287N09164,LEX
1980171N06142,2.3106544017791748,1980-06-22 21:00:00,1980-06-24 06:00:00,1980171N06142,HERBERT
1981317N14153,1.9504832029342651,1981-11-19 06:00:00,1981-11-20 09:00:00,1981317N14153,HAZEN
2022285N17140,2.2313024997711186,2022-10-15 15:00:00,2022-10-16 03:00:00,2022285N17140,NESAT
1986353N03178,2.4126892089843750,1986-12-31 06:00:00,1987-01-01 06:00:00,1986353N03178,NORRIS
1992289N08135,3.5022206306457520,1992-10-25 12:00:00,1992-10-26 06:00:00,1992289N08135,COLLEEN
2021248N12141,1.8148500919342041,2021-09-10 09:00:00,2021-09-11 00:00:00,2021248N12141,CHANTHU
1985267N08133,2.0780267715454106,1985-09-26 00:00:00,1985-09-26 03:00:00,1985267N08133,ANDY
2011233N12129,2.2553091049194336,2011-08-26 12:00:00,2011-08-27 21:00:00,2011233N12129,NANMADOL
2005071N06152,2.0129461288452148,2005-03-16 15:00:00,2005-03-17 15:00:00,2005071N06152,ROKE
2006329N06150,2.3822958469390869,2006-11-29 18:00:00,2006-12-01 06:00:00,2006329N06150,DURIAN
1981319N07163,3.0463285446166992,1981-11-23 15:00:00,1981-11-24 18:00:00,1981319N07163,IRMA
1981283N07132,1.6328939199447632,1981-10-11 12:00:00,1981-10-12 21:00:00,1981283N07132,FABIAN
2011205N12130,3.8324475288391113,2011-07-25 15:00:00,2011-07-27 12:00:00,2011205N12130,NOCK-TEN
1988193N09149,2.2156925201416016,1988-07-17 18:00:00,1988-07-18 06:00:00,1988193N09149,WARREN
1993105N06165,1.8153223991394043,1993-04-27 18:00:00,1993-04-28 18:00:00,1993105N06165,UNNAMED
2005316N05134,1.9373656511306765,2005-11-19 18:00:00,2005-11-20 18:00:00,2005316N05134,BOLAVEN
2001125N05129,2.7938876152038574,2001-05-05 18:00:00,2001-05-12 15:00:00,2001125N05129,CIMARON
2008104N08128,2.1771879196166992,2008-04-13 03:00:00,2008-04-14 21:00:00,2008104N08128,NEOGURI
2010198N15123,1.7773644924163818,2010-07-17 09:00:00,2010-07-18 18:00:00,2010198N15123,CHANTHU
1986287N09141,2.7588746547698975,1986-10-18 12:00:00,1986-10-19 18:00:00,1986287N09141,GEORGIA
1988271N16125,2.1228635311126709,1988-09-27 06:00:00,1988-09-27 21:00:00,1988271N16125,UNNAMED
2000141N18116,1.6157085895538330,2000-05-21 12:00:00,2000-05-21 12:00:00,2000141N18116,UNNAMED
1983276N06130,2.4137673377990723,1983-10-04 00:00:00,1983-10-05 21:00:00,1983276N06130,HERBERT
1988005N03174,2.3395836353302002,1988-01-15 18:00:00,1988-01-17 00:00:00,1988005N03174,ROY
